time,execution_interval,heater_on,fan_on,t1,time_t1,t2,time_t2,t3,time_t3,elapsed
1600361405.5289257,3,False,True,24.125,1600361403.7690918,25.625,1600361404.6489146,25.5,1600361405.5289195,2.665044069290161
1600361408.4889247,3,False,True,24.125,1600361406.7289608,25.625,1600361407.6089165,25.5,1600361408.4889183,2.624645709991455
1600361411.5289414,3,False,True,24.062,1600361409.7689269,25.625,1600361410.6489165,25.5,1600361411.528935,2.6642205715179443
1600361414.4889023,3,False,True,24.125,1600361412.7289684,25.625,1600361413.608934,25.5,1600361414.4888964,2.62378191947937
1600361417.5289013,3,False,True,24.125,1600361415.7689288,25.625,1600361416.6489117,25.5,1600361417.5288947,2.663348913192749
1600361420.488908,3,False,True,24.125,1600361418.7288878,25.625,1600361419.6090121,25.5,1600361420.4889019,2.622960090637207
1600361423.5289228,3,False,True,24.062,1600361421.7689676,25.625,1600361422.6489275,25.5,1600361423.528916,2.662536144256592
1600361426.4889128,3,False,True,24.062,1600361424.7289143,25.625,1600361425.608924,25.5,1600361426.4889064,2.6220922470092773
1600361429.5289009,3,True,True,24.062,1600361427.7689643,25.625,1600361428.6487277,25.5,1600361429.5288947,2.6618051528930664
1600361432.4889522,3,True,True,24.125,1600361430.7289562,25.625,1600361431.6089697,25.5,1600361432.4889457,2.6214675903320312
1600361435.528937,3,True,True,24.125,1600361433.769662,25.687,1600361434.6489315,25.5,1600361435.52893,2.661013603210449
1600361438.4889693,3,True,True,24.125,1600361436.7289593,25.812,1600361437.6089568,25.562,1600361438.4889624,2.6206576824188232
1600361441.528949,3,True,True,24.125,1600361439.768945,25.937,1600361440.6887212,25.625,1600361441.528942,2.660184860229492
1600361444.488959,3,True,True,24.062,1600361442.7289517,26.125,1600361443.6089551,25.75,1600361444.4889526,2.6197872161865234
1600361447.5289412,3,True,True,24.062,1600361445.7689464,26.375,1600361446.6489713,25.937,1600361447.5289347,2.659323215484619
1600361450.4889176,3,True,True,24.062,1600361448.728959,26.625,1600361449.6089187,26.062,1600361450.4889107,2.618886947631836
1600361453.5289488,3,False,True,24.062,1600361451.7689402,26.937,1600361452.6489127,26.25,1600361453.5289426,2.6584746837615967
1600361456.4889185,3,False,True,24.062,1600361454.7289443,27.312,1600361455.608924,26.437,1600361456.4889119,2.6180331707000732
1600361459.5289543,3,True,True,24.062,1600361457.7689435,27.687,1600361458.6489289,26.625,1600361459.528947,2.6576240062713623
1600361462.4889102,3,True,True,24.062,1600361460.728947,28.0,1600361461.6089242,26.875,1600361462.488904,2.617171287536621
1600361465.5289457,3,True,True,24.062,1600361463.7689633,28.375,1600361464.6488862,27.062,1600361465.528939,2.6567656993865967
1600361468.488936,3,True,True,24.125,1600361466.7289586,28.75,1600361467.6089306,27.375,1600361468.4889293,2.6163489818573
1600361471.5289345,3,True,True,24.062,1600361469.7689278,29.125,1600361470.6489346,27.625,1600361471.5289278,2.6558918952941895
1600361474.4889219,3,True,True,24.125,1600361472.7289448,29.562,1600361473.6089406,27.875,1600361474.4889152,2.615474224090576
1600361477.5289395,3,False,True,24.125,1600361475.7689438,30.0,1600361476.6489098,28.25,1600361477.528933,2.6550469398498535
1600361480.488928,3,False,True,24.125,1600361478.7292795,30.5,1600361479.6089456,28.5,1600361480.4889216,2.6146445274353027
1600361483.5289402,3,False,True,24.125,1600361481.7689362,30.875,1600361482.648954,28.875,1600361483.5289335,2.654205322265625
1600361486.4889479,3,True,True,24.125,1600361484.7289283,31.312,1600361485.6089134,29.187,1600361486.4889417,2.613797426223755
1600361489.528949,3,True,True,24.125,1600361487.7689419,31.687,1600361488.648954,29.5,1600361489.5289423,2.6533448696136475
1600361492.4889534,3,True,True,24.125,1600361490.7283044,32.125,1600361491.6089306,29.812,1600361492.4889462,2.6129438877105713
1600361495.528898,3,True,True,24.125,1600361493.7695332,32.562,1600361494.6488745,30.187,1600361495.5288913,2.6524322032928467
1600361498.488916,3,False,True,24.125,1600361496.7289307,33.0,1600361497.6089005,30.5,1600361498.4889095,2.612039566040039
1600361501.5289211,3,False,True,24.125,1600361499.7689245,33.5,1600361500.6489055,30.875,1600361501.5289145,2.6518092155456543
1600361504.4890728,3,False,True,24.125,1600361502.7287607,33.937,1600361503.6089094,31.187,1600361504.4890668,2.611551284790039
1600361507.5289333,3,False,True,24.062,1600361505.7689197,34.375,1600361506.6489313,31.5,1600361507.528926,2.6509652137756348
1600361510.488952,3,True,True,24.125,1600361508.728509,34.687,1600361509.6089091,31.875,1600361510.4889455,2.610572338104248
1600361513.5289116,3,False,True,24.125,1600361511.7689245,35.062,1600361512.648902,32.25,1600361513.5289052,2.650085687637329
1600361516.4889307,3,False,True,24.125,1600361514.7289178,35.375,1600361515.6089187,32.562,1600361516.4889235,2.609659194946289
1600361519.5289767,3,True,True,24.125,1600361517.7689292,35.687,1600361518.6489208,32.875,1600361519.5289702,2.649254560470581
1600361522.4889112,3,True,True,24.062,1600361520.7289262,36.0,1600361521.6089232,33.187,1600361522.488905,2.608778238296509
1600361525.5289092,3,True,True,24.062,1600361523.7689219,36.312,1600361524.6489224,33.5,1600361525.5289032,2.648322820663452
1600361528.488935,3,True,True,24.125,1600361526.7289374,36.687,1600361527.60892,33.812,1600361528.488929,2.607945442199707
1600361531.5289276,3,True,True,24.125,1600361529.768922,37.062,1600361530.6489077,34.062,1600361531.528921,2.647472858428955
1600361534.489082,3,True,True,24.125,1600361532.7289262,37.437,1600361533.6089115,34.375,1600361534.4890757,2.6072123050689697
1600361537.5289297,3,True,True,24.062,1600361535.768922,37.875,1600361536.6489174,34.75,1600361537.528923,2.6466078758239746
1600361540.4888856,3,True,True,24.125,1600361538.7289274,38.312,1600361539.6089277,35.0,1600361540.4888794,2.6061503887176514
1600361543.528905,3,False,True,24.125,1600361541.768936,38.812,1600361542.6489158,35.375,1600361543.5288985,2.6457197666168213
1600361546.4889226,3,False,True,24.125,1600361544.7289119,39.187,1600361545.608888,35.75,1600361546.488916,2.605318307876587
1600361549.528932,3,False,True,24.062,1600361547.76893,39.625,1600361548.6489007,36.125,1600361549.528925,2.6448709964752197
1600361552.488925,3,False,True,24.125,1600361550.728623,40.0,1600361551.608941,36.437,1600361552.4889183,2.6044583320617676
1600361555.5289073,3,False,True,24.062,1600361553.7689188,40.312,1600361554.6489103,36.75,1600361555.5289013,2.643982172012329
1600361558.4889176,3,True,True,24.125,1600361556.7289307,40.687,1600361557.608908,37.062,1600361558.4889112,2.603573799133301
1600361561.5289156,3,True,True,24.062,1600361559.8084981,40.937,1600361560.6488907,37.437,1600361561.5289087,2.6431052684783936
1600361564.4889286,3,True,True,24.062,1600361562.7289457,41.312,1600361563.6089182,37.75,1600361564.4889224,2.6027040481567383
1600361567.5289242,3,True,True,24.125,1600361565.7689247,41.625,1600361566.6489174,38.062,1600361567.5289178,2.642242908477783
1600361570.488914,3,True,True,24.062,1600361568.7289293,42.0,1600361569.6089034,38.312,1600361570.4889078,2.601814031600952
1600361573.5289218,3,True,True,24.062,1600361571.7689362,42.375,1600361572.648913,38.687,1600361573.5289154,2.6413662433624268
1600361576.4889145,3,True,True,24.062,1600361574.7289388,42.812,1600361575.608914,39.0,1600361576.488908,2.60093092918396
1600361579.5289416,3,True,True,24.062,1600361577.7689412,43.25,1600361578.648907,39.375,1600361579.5289347,2.6405012607574463
1600361582.488919,3,True,True,24.062,1600361580.7289772,43.625,1600361581.60891,39.75,1600361582.488912,2.6000607013702393
1600361585.5289056,3,True,True,24.125,1600361583.768963,44.062,1600361584.6489239,40.125,1600361585.5289,2.6395843029022217
1600361588.488913,3,False,True,24.062,1600361586.7289333,44.562,1600361587.608901,40.437,1600361588.4889064,2.599173069000244
1600361591.5289285,3,False,True,24.125,1600361589.7689555,45.0,1600361590.648684,40.75,1600361591.5289218,2.638721466064453
1600361594.4890623,3,True,True,24.125,1600361592.728941,45.375,1600361593.6089087,41.125,1600361594.4890556,2.5984342098236084
1600361597.5289109,3,True,True,24.062,1600361595.7689269,45.75,1600361596.6489317,41.5,1600361597.528904,2.637800455093384
1600361600.488899,3,True,True,24.125,1600361598.7289426,46.125,1600361599.608929,41.812,1600361600.4888926,2.5973622798919678
1600361603.5289261,3,True,True,24.062,1600361601.768931,46.5,1600361602.6489673,42.187,1600361603.5289195,2.6369259357452393
1600361606.5689483,3,True,True,24.125,1600361604.808932,46.937,1600361605.6888962,42.625,1600361606.5689418,2.676516532897949
1600361609.5289528,3,True,True,24.125,1600361607.7689633,47.437,1600361608.648976,42.937,1600361609.5289454,2.636134624481201
1600361612.5691938,3,False,True,24.125,1600361610.8089495,47.812,1600361611.688294,43.312,1600361612.5691872,2.675950765609741
1600361615.528944,3,False,True,24.125,1600361613.7689672,48.25,1600361614.6489522,43.687,1600361615.528938,2.635310173034668
1600361618.568963,3,False,True,24.125,1600361616.8089464,48.687,1600361617.6889806,44.062,1600361618.5689561,2.6749022006988525
1600361621.528935,3,True,True,24.125,1600361619.7689428,49.0,1600361620.6490371,44.375,1600361621.5289283,2.634488821029663
1600361624.568919,3,True,True,24.125,1600361622.8089452,49.375,1600361623.6889207,44.75,1600361624.5689127,2.674046754837036
1600361627.528929,3,True,True,24.125,1600361625.768907,49.75,1600361626.6489398,45.062,1600361627.5289228,2.6336703300476074
1600361630.5689015,3,False,True,24.062,1600361628.8089323,50.062,1600361629.6889248,45.437,1600361630.5688956,2.6732187271118164
1600361633.5289333,3,False,True,24.125,1600361631.7689457,50.437,1600361632.6489143,45.75,1600361633.5289276,2.6328651905059814
1600361636.5689268,3,False,True,24.062,1600361634.8089447,50.75,1600361635.6888998,46.125,1600361636.5689201,2.6724278926849365
1600361639.5289435,3,False,True,24.125,1600361637.7689445,51.0,1600361638.648902,46.437,1600361639.5289369,2.632056951522827
1600361642.568938,3,True,True,24.125,1600361640.808919,51.312,1600361641.688506,46.687,1600361642.568931,2.6716275215148926
1600361645.5289118,3,True,True,24.062,1600361643.7689595,51.5,1600361644.6489294,47.0,1600361645.5289052,2.631216287612915
1600361648.5689352,3,False,True,24.125,1600361646.808944,51.75,1600361647.6889188,47.312,1600361648.568929,2.670790195465088
1600361651.5289242,3,False,True,24.062,1600361649.7689526,52.062,1600361650.6489034,47.625,1600361651.528917,2.630377769470215
1600361654.5689127,3,False,True,24.062,1600361652.808949,52.25,1600361653.6889312,47.875,1600361654.5689063,2.66994571685791
1600361657.5289192,3,False,True,24.062,1600361655.7689395,52.437,1600361656.648923,48.187,1600361657.528912,2.629565477371216
1600361660.5689247,3,False,True,24.062,1600361658.8089366,52.625,1600361659.6889756,48.375,1600361660.5689185,2.6691431999206543
1600361663.528901,3,False,True,24.125,1600361661.768935,52.75,1600361662.6489155,48.625,1600361663.5288947,2.628728151321411
1600361666.5689204,3,False,True,24.125,1600361664.8089356,52.937,1600361665.688936,48.875,1600361666.568914,2.6683008670806885
1600361669.5289412,3,False,True,24.125,1600361667.7689452,53.062,1600361668.6489275,49.062,1600361669.528934,2.6279337406158447
1600361672.5688403,3,False,True,24.125,1600361670.8089318,53.187,1600361671.688323,49.25,1600361672.568833,2.6673994064331055
1600361675.528909,3,False,True,24.125,1600361673.7689614,53.25,1600361674.648934,49.375,1600361675.528903,2.6270761489868164
1600361678.5689616,3,False,True,24.125,1600361676.8090773,53.312,1600361677.688908,49.562,1600361678.5689547,2.6666948795318604
1600361681.528926,3,False,True,24.125,1600361679.7689364,53.375,1600361680.6489437,49.687,1600361681.5289192,2.6262617111206055
1600361684.5689094,3,False,True,24.125,1600361682.8089747,53.375,1600361683.6889312,49.812,1600361684.5689027,2.66581130027771
1600361687.5289307,3,False,True,24.125,1600361685.7689145,53.375,1600361686.6489208,49.937,1600361687.5289237,2.6254384517669678
1600361690.5688899,3,False,True,24.125,1600361688.80896,53.437,1600361689.6889462,50.0,1600361690.568883,2.66495943069458
1600361693.5289118,3,False,True,24.062,1600361691.7689316,53.437,1600361692.6489193,50.062,1600361693.5289054,2.624582290649414
1600361696.5689216,3,False,True,24.062,1600361694.8089433,53.437,1600361695.688909,50.187,1600361696.5689147,2.6641485691070557
1600361699.5289624,3,False,True,24.062,1600361697.768962,53.375,1600361698.6489282,50.25,1600361699.528956,2.623795509338379
1600361702.5689325,3,False,True,24.062,1600361700.8089175,53.375,1600361701.6889446,50.25,1600361702.5689254,2.6633245944976807
1600361705.5289154,3,False,True,24.062,1600361703.7689676,53.312,1600361704.648928,50.312,1600361705.5289097,2.6229121685028076
1600361708.5689616,3,False,True,24.125,1600361706.808932,53.25,1600361707.6889272,50.312,1600361708.568955,2.66252064704895
1600361711.5288923,3,False,True,24.125,1600361709.7689846,53.187,1600361710.6489055,50.312,1600361711.5288858,2.622053384780884
1600361714.5689418,3,False,True,24.125,1600361712.8089466,53.125,1600361713.6889036,50.375,1600361714.5689352,2.661663770675659
1600361717.528936,3,False,True,24.125,1600361715.768955,53.0,1600361716.6489198,50.375,1600361717.528929,2.621256113052368
1600361720.568898,3,False,True,24.125,1600361718.8089447,52.937,1600361719.6889505,50.375,1600361720.568892,2.6607775688171387
1600361723.5695333,3,False,True,24.125,1600361721.7689178,52.875,1600361722.6489468,50.375,1600361723.5695267,2.6610145568847656
1600361726.5689213,3,False,True,24.125,1600361724.8089442,52.75,1600361725.6889334,50.375,1600361726.5689147,2.659994125366211
1600361729.528967,3,False,True,24.125,1600361727.7689471,52.687,1600361728.6489184,50.312,1600361729.5289602,2.6196413040161133
1600361732.578311,3,False,True,24.125,1600361730.8089135,52.562,1600361731.688933,50.312,1600361732.5783076,2.668471574783325
1600361735.6089242,3,False,True,24.125,1600361733.8093357,52.437,1600361734.7289176,50.25,1600361735.6089177,2.698784589767456
1600361738.568925,3,False,True,24.125,1600361736.8089495,52.312,1600361737.6889286,50.25,1600361738.5689182,2.658418655395508
1600361741.5289311,3,False,True,24.125,1600361739.7689545,52.25,1600361740.6488972,50.187,1600361741.5289245,2.618022918701172
1600361744.5689542,3,False,True,24.062,1600361742.8089457,52.125,1600361743.6889439,50.125,1600361744.5689473,2.657600164413452
1600361747.5289013,3,False,True,24.062,1600361745.7689507,52.0,1600361746.648902,50.062,1600361747.528895,2.6171438694000244
1600361750.568927,3,False,True,24.062,1600361748.808947,51.875,1600361749.688932,50.0,1600361750.5689201,2.6567070484161377
1600361753.528912,3,False,True,24.125,1600361751.7689264,51.75,1600361752.6489315,50.0,1600361753.5289054,2.6162819862365723
1600361756.5689173,3,False,True,24.125,1600361754.8089607,51.625,1600361755.6890597,49.875,1600361756.5689108,2.65584135055542
1600361759.5287383,3,False,True,24.125,1600361757.768938,51.5,1600361758.6489294,49.812,1600361759.5287335,2.615232467651367
1600361762.5690157,3,False,True,24.125,1600361760.8089287,51.375,1600361761.688898,49.75,1600361762.5690098,2.6550872325897217
1600361765.5289047,3,False,True,24.125,1600361763.7689774,51.25,1600361764.6484995,49.687,1600361765.528898,2.6145670413970947
1600361768.568962,3,False,True,24.125,1600361766.8089292,51.125,1600361767.688917,49.625,1600361768.5689552,2.6541755199432373
1600361771.5289004,3,False,True,24.125,1600361769.7689664,51.0,1600361770.6489007,49.5,1600361771.5288942,2.6137044429779053
1600361774.5687091,3,False,True,24.125,1600361772.8089619,50.812,1600361773.6889222,49.437,1600361774.5687032,2.6530380249023438
1600361777.528907,3,False,True,24.062,1600361775.7689276,50.75,1600361776.648912,49.375,1600361777.5289004,2.612863540649414
1600361780.5689046,3,False,True,24.125,1600361778.8089426,50.625,1600361779.6890085,49.25,1600361780.568898,2.652418851852417
1600361783.528963,3,False,True,24.125,1600361781.7689252,50.437,1600361782.6489406,49.187,1600361783.5289564,2.612062692642212
1600361786.568906,3,False,True,24.062,1600361784.8089652,50.375,1600361785.6889198,49.062,1600361786.568899,2.6515495777130127
1600361789.5292273,3,False,True,24.125,1600361787.7689347,50.187,1600361788.6489131,49.0,1600361789.5292203,2.611459732055664
1600361792.5809746,3,False,True,24.125,1600361790.8089256,50.062,1600361791.6889307,48.875,1600361792.5809696,2.662745475769043
1600361795.5289028,3,False,True,24.125,1600361793.7689886,49.937,1600361794.6487038,48.812,1600361795.5288966,2.6102967262268066
1600361798.5689178,3,False,True,24.125,1600361796.808922,49.812,1600361797.688905,48.687,1600361798.568911,2.6498539447784424
1600361801.5289428,3,False,True,24.125,1600361799.7689488,49.625,1600361800.6489077,48.562,1600361801.5289361,2.6094400882720947
1600361804.5689425,3,False,True,24.125,1600361802.8089232,49.5,1600361803.6889515,48.437,1600361804.568936,2.6489837169647217
1600361807.5289454,3,False,True,24.125,1600361805.7689302,49.375,1600361806.6489084,48.375,1600361807.5289392,2.6085751056671143
1600361810.5689456,3,False,True,24.125,1600361808.8089433,49.25,1600361809.6887145,48.25,1600361810.568939,2.648123025894165
1600361813.528903,3,False,True,24.125,1600361811.768954,49.125,1600361812.6489248,48.125,1600361813.5288966,2.6076626777648926
1600361816.6589463,3,False,True,24.125,1600361814.8089395,49.0,1600361815.7292953,48.062,1600361816.6589391,2.7372426986694336
1600361819.5289123,3,False,True,24.125,1600361817.7689557,48.875,1600361818.6489375,47.937,1600361819.5289059,2.6068837642669678
1600361822.5689452,3,False,True,24.125,1600361820.8089309,48.75,1600361821.6989357,47.812,1600361822.5689385,2.6464531421661377
1600361825.5289006,3,False,True,24.125,1600361823.7689626,48.625,1600361824.6489184,47.75,1600361825.5288942,2.605989694595337
1600361828.6489656,3,False,True,24.125,1600361826.8889441,48.437,1600361827.7689376,47.625,1600361828.648959,2.7218499183654785
1600361831.529003,3,False,True,24.125,1600361829.7689574,48.312,1600361830.648932,47.5,1600361831.5289967,2.6015419960021973
1600361834.5688891,3,False,True,24.125,1600361832.8089433,48.187,1600361833.6889277,47.437,1600361834.568883,2.6409692764282227
1600361837.5289385,3,False,True,24.125,1600361835.7689354,48.062,1600361836.6489422,47.312,1600361837.5289319,2.600597620010376
1600361840.5689237,3,False,True,24.125,1600361838.808947,47.937,1600361839.6887226,47.187,1600361840.568917,2.6401140689849854
1600361843.5289176,3,False,True,24.125,1600361841.768943,47.812,1600361842.6489375,47.062,1600361843.5289109,2.5996932983398438
1600361846.5684915,3,False,True,24.125,1600361844.808944,47.687,1600361845.6889029,47.0,1600361846.5684872,2.63875412940979
1600361849.5289176,3,False,True,24.125,1600361847.7689364,47.562,1600361848.6489222,46.875,1600361849.528911,2.5988073348999023
1600361852.568918,3,False,True,24.125,1600361850.808934,47.437,1600361851.6889465,46.75,1600361852.5689108,2.638345718383789
1600361855.528896,3,False,True,24.125,1600361853.7683074,47.312,1600361854.6497598,46.687,1600361855.52889,2.597903251647949
1600361858.5689049,3,False,True,24.125,1600361856.80869,47.187,1600361857.688899,46.562,1600361858.5688987,2.6374423503875732
1600361861.608889,3,False,True,24.125,1600361859.848938,47.062,1600361860.7288947,46.437,1600361861.608883,2.6770031452178955
1600361864.5688913,3,False,True,24.125,1600361862.8089597,46.937,1600361863.6889286,46.312,1600361864.5688853,2.6366260051727295
1600361867.6089158,3,False,True,24.125,1600361865.8489282,46.812,1600361866.7288916,46.25,1600361867.6089091,2.6762211322784424
1600361870.5688953,3,False,True,24.125,1600361868.8089235,46.687,1600361869.6893907,46.125,1600361870.5688891,2.635815382003784
1600361873.6089072,3,False,True,24.125,1600361871.8490767,46.625,1600361872.7289004,46.0,1600361873.6089003,2.675403594970703
1600361876.568896,3,False,True,24.125,1600361874.808937,46.5,1600361875.6888945,45.875,1600361876.5688899,2.6350085735321045
1600361879.608903,3,False,True,24.125,1600361877.8489242,46.375,1600361878.7289116,45.812,1600361879.608897,2.6745901107788086
1600361882.5689135,3,False,True,24.125,1600361880.808929,46.25,1600361881.6889055,45.687,1600361882.5689068,2.6342074871063232
1600361885.6089053,3,False,True,24.125,1600361883.8489475,46.125,1600361884.7289324,45.562,1600361885.608899,2.6737775802612305
1600361888.5689106,3,False,True,24.125,1600361886.8089135,46.0,1600361887.688903,45.437,1600361888.5689042,2.6333963871002197
1600361891.6089053,3,False,True,24.125,1600361889.8489401,45.875,1600361890.7288988,45.375,1600361891.6088984,2.6729626655578613
1600361894.568882,3,False,True,24.125,1600361892.808935,45.75,1600361893.6889062,45.25,1600361894.5688756,2.6325528621673584
1600361897.6887047,3,False,True,24.125,1600361895.8489213,45.625,1600361896.7288816,45.125,1600361897.6886997,2.751919746398926
1600361900.5689392,3,False,True,24.125,1600361898.8089354,45.5,1600361899.6888874,45.062,1600361900.5689323,2.631866693496704
1600361903.6089075,3,False,True,24.125,1600361901.8489168,45.375,1600361902.7289085,44.937,1600361903.6089005,2.6714038848876953
1600361906.568889,3,False,True,24.125,1600361904.8089414,45.312,1600361905.6888955,44.812,1600361906.5688825,2.630995035171509
1600361909.6888914,3,False,True,24.125,1600361907.9287188,45.187,1600361908.80892,44.75,1600361909.6888847,2.7505738735198975
1600361912.5689178,3,False,True,24.125,1600361910.8089864,45.062,1600361911.6889086,44.625,1600361912.5689113,2.6302874088287354
1600361915.6089363,3,False,True,24.125,1600361913.8484693,45.0,1600361914.7289479,44.5,1600361915.6089294,2.6698739528656006
1600361918.5689547,3,False,True,24.125,1600361916.808931,44.875,1600361917.6888697,44.437,1600361918.5689476,2.6294970512390137
1600361921.6089177,3,False,True,24.125,1600361919.8587468,44.75,1600361920.728896,44.312,1600361921.608911,2.6690235137939453
1600361924.5688972,3,False,True,24.125,1600361922.8089616,44.625,1600361923.688929,44.187,1600361924.56889,2.6286110877990723
1600361927.6089468,3,False,True,24.125,1600361925.848932,44.562,1600361926.7389276,44.125,1600361927.6089401,2.668222665786743
1600361930.5689266,3,False,True,24.125,1600361928.8089776,44.437,1600361929.6889083,44.0,1600361930.5689197,2.6278131008148193
1600361933.60893,3,False,True,24.125,1600361931.8489232,44.312,1600361932.72891,43.937,1600361933.608924,2.667379379272461
1600361936.5688963,3,False,True,24.125,1600361934.8089483,44.187,1600361935.6889312,43.812,1600361936.5688896,2.626948833465576
1600361939.6088974,3,False,True,24.125,1600361937.8489442,44.125,1600361938.7286232,43.75,1600361939.6088915,2.6665189266204834
1600361942.568936,3,False,True,24.125,1600361940.8089216,44.0,1600361941.6889307,43.625,1600361942.5689301,2.62615704536438
1600361945.608951,3,False,True,24.125,1600361943.848932,43.875,1600361944.7289133,43.5,1600361945.6089444,2.665733814239502
1600361948.5689034,3,False,True,24.125,1600361946.808955,43.812,1600361947.6889195,43.437,1600361948.568897,2.625288724899292
1600361951.6089082,3,False,True,24.125,1600361949.8490334,43.687,1600361950.7289476,43.312,1600361951.6089025,2.6648612022399902
1600361954.5689435,3,False,True,24.125,1600361952.808939,43.625,1600361953.6889083,43.187,1600361954.5689373,2.624501943588257
1600361957.608943,3,False,True,24.125,1600361955.8489316,43.5,1600361956.7389247,43.125,1600361957.608937,2.66405987739563
1600361960.5689335,3,False,True,24.125,1600361958.8089707,43.437,1600361959.6889179,43.062,1600361960.5689268,2.623650074005127
1600361963.6089356,3,False,True,24.125,1600361961.8489192,43.312,1600361962.7289126,42.937,1600361963.6089296,2.6632182598114014
1600361966.5688937,3,False,True,24.125,1600361964.8089428,43.187,1600361965.6889293,42.875,1600361966.5688872,2.6227712631225586
1600361969.6089163,3,False,True,24.125,1600361967.848937,43.125,1600361968.7289152,42.75,1600361969.6089091,2.6623592376708984
1600361972.5689502,3,False,True,24.125,1600361970.8089619,43.0,1600361971.688933,42.687,1600361972.5689435,2.6219942569732666
1600361975.6089182,3,False,True,24.125,1600361973.8489707,42.937,1600361974.7282934,42.562,1600361975.6089115,2.661815881729126
1600361978.5689652,3,False,True,24.125,1600361976.8089879,42.812,1600361977.688903,42.5,1600361978.568959,2.621459484100342
1600361981.608899,3,False,True,24.125,1600361979.848909,42.75,1600361980.7289348,42.375,1600361981.6088924,2.660944700241089
1600361984.568884,3,False,True,24.125,1600361982.8089478,42.625,1600361983.6889277,42.312,1600361984.568878,2.6203689575195312
1600361987.6089056,3,False,True,24.125,1600361985.8489254,42.562,1600361986.728895,42.187,1600361987.6088994,2.6599411964416504
1600361990.5689425,3,False,True,24.125,1600361988.8089366,42.437,1600361989.6888888,42.125,1600361990.5689352,2.619577407836914
1600361993.6089005,3,False,True,24.125,1600361991.8489146,42.375,1600361992.7289174,42.0,1600361993.6088939,2.659069061279297
1600361996.568887,3,False,True,24.125,1600361994.8089104,42.25,1600361995.6889217,41.937,1600361996.5688803,2.618640422821045
1600361999.6089003,3,False,True,24.125,1600361997.8489356,42.187,1600361998.7290602,41.812,1600361999.6088939,2.6582086086273193
1600362002.5689259,3,False,True,24.125,1600362000.8089426,42.062,1600362001.6889045,41.75,1600362002.5689187,2.6178340911865234
1600362005.618716,3,False,True,24.125,1600362003.8489406,42.0,1600362004.7288864,41.687,1600362005.6187103,2.6671571731567383
1600362008.5688994,3,False,True,24.125,1600362006.8090985,41.875,1600362007.6889262,41.562,1600362008.568893,2.616976261138916
1600362011.6089256,3,False,True,24.125,1600362009.848935,41.812,1600362010.7289114,41.437,1600362011.6089196,2.6565439701080322
1600362014.5689075,3,False,True,24.125,1600362012.808933,41.687,1600362013.68895,41.375,1600362014.5689013,2.616114854812622
1600362017.6089137,3,False,True,24.125,1600362015.848965,41.625,1600362016.728898,41.312,1600362017.6089075,2.655681610107422
1600362020.5685189,3,False,True,24.125,1600362018.808955,41.562,1600362019.6889327,41.187,1600362020.5685148,2.6148388385772705
1600362023.6089544,3,False,True,24.125,1600362021.8489418,41.437,1600362022.7289507,41.125,1600362023.608948,2.6548686027526855
1600362026.568925,3,False,True,24.125,1600362024.8089354,41.375,1600362025.6889498,41.062,1600362026.5689185,2.6144206523895264
1600362029.6089342,3,False,True,24.125,1600362027.8489552,41.25,1600362028.7687387,40.937,1600362029.6089277,2.653982639312744
1600362032.5687375,3,False,True,24.125,1600362030.808737,41.187,1600362031.6891065,40.875,1600362032.5687315,2.613363265991211
1600362035.6089456,3,False,True,24.125,1600362033.8489692,41.125,1600362034.728374,40.812,1600362035.608939,2.653139352798462
1600362038.5689065,3,False,True,24.125,1600362036.8089519,41.062,1600362037.688915,40.687,1600362038.5688996,2.612694501876831
1600362041.6088893,3,False,True,24.125,1600362039.8489215,40.937,1600362040.728915,40.625,1600362041.6088827,2.6522204875946045
1600362044.5688944,3,False,True,24.125,1600362042.8089516,40.875,1600362043.6889193,40.5,1600362044.5688884,2.611809492111206
1600362047.608944,3,False,True,24.125,1600362045.848938,40.75,1600362046.7288873,40.437,1600362047.6089365,2.651409149169922
1600362050.568952,3,False,True,24.125,1600362048.808945,40.687,1600362049.6888983,40.375,1600362050.5689456,2.6110036373138428
1600362053.608918,3,False,True,24.125,1600362051.8489368,40.625,1600362052.7289186,40.312,1600362053.608911,2.650514602661133
1600362056.5688968,3,False,True,24.125,1600362054.8089159,40.5,1600362055.688919,40.187,1600362056.5688906,2.610074281692505
1600362059.6089163,3,False,True,24.125,1600362057.8489244,40.437,1600362058.7289217,40.125,1600362059.6089098,2.64963698387146
1600362062.5690947,3,False,True,24.125,1600362060.8089426,40.375,1600362061.6889293,40.062,1600362062.5690882,2.6094071865081787
1600362065.6090677,3,False,True,24.125,1600362063.8489397,40.312,1600362064.7288787,40.0,1600362065.6090615,2.6488146781921387
1600362068.5689316,3,False,True,24.125,1600362066.8094783,40.187,1600362067.6889546,39.875,1600362068.5689247,2.608269453048706
1600362071.60892,3,False,True,24.125,1600362069.8489585,40.125,1600362070.7289395,39.812,1600362071.6089134,2.6477930545806885
1600362074.5689075,3,False,True,24.125,1600362072.8089406,40.062,1600362073.688895,39.75,1600362074.5689008,2.6073691844940186
1600362077.6088767,3,False,True,24.125,1600362075.848966,39.937,1600362076.7289212,39.687,1600362077.6088705,2.6468818187713623
1600362080.5689542,3,False,True,24.125,1600362078.8089435,39.875,1600362079.6889405,39.625,1600362080.5689476,2.6065406799316406
1600362083.6089284,3,False,True,24.125,1600362081.848923,39.812,1600362082.7289383,39.5,1600362083.6089225,2.6460559368133545
1600362086.5689108,3,False,True,24.125,1600362084.8089206,39.687,1600362085.6889274,39.437,1600362086.5689044,2.6056182384490967
1600362089.6089303,3,False,True,24.125,1600362087.848929,39.687,1600362088.728956,39.375,1600362089.6089237,2.6451821327209473
1600362092.5689592,3,False,True,24.125,1600362090.8089435,39.562,1600362091.6888957,39.25,1600362092.5689526,2.604797840118408
1600362095.6083062,3,False,True,24.125,1600362093.8489492,39.5,1600362094.7288902,39.187,1600362095.6083028,2.643615484237671
1600362098.5689313,3,False,True,24.125,1600362096.8089492,39.437,1600362097.6889265,39.125,1600362098.5689247,2.603893756866455
1600362101.608926,3,False,True,24.125,1600362099.8489254,39.312,1600362100.7389457,39.062,1600362101.6089199,2.643416166305542
1600362104.56889,3,False,True,24.125,1600362102.8089652,39.25,1600362103.6889288,39.0,1600362104.5688834,2.602961778640747
1600362107.608947,3,False,True,24.125,1600362105.848943,39.187,1600362106.7288938,38.937,1600362107.6089406,2.6425602436065674
1600362110.568935,3,False,True,24.125,1600362108.808971,39.125,1600362109.6889138,38.812,1600362110.5689285,2.602121114730835
1600362113.6089182,3,False,True,24.125,1600362111.8489435,39.062,1600362112.7687354,38.75,1600362113.6089115,2.641645669937134
1600362116.5688941,3,False,True,24.125,1600362114.8089206,39.0,1600362115.6889157,38.687,1600362116.568888,2.601193428039551
1600362119.608893,3,False,True,24.125,1600362117.848931,38.937,1600362118.728905,38.625,1600362119.6088862,2.6407217979431152
1600362122.568941,3,False,True,24.125,1600362120.8089468,38.812,1600362121.6889315,38.562,1600362122.5689344,2.6003599166870117
1600362125.608923,3,False,True,24.125,1600362123.8489485,38.75,1600362124.7288744,38.5,1600362125.608916,2.6398770809173584
1600362128.5689363,3,False,True,24.125,1600362126.8089163,38.687,1600362127.6890192,38.437,1600362128.5689304,2.59946608543396
1600362131.6088967,3,False,True,24.125,1600362129.8489194,38.625,1600362130.728941,38.312,1600362131.60889,2.6389577388763428
1600362134.568944,3,False,True,24.125,1600362132.8089445,38.562,1600362133.6889424,38.312,1600362134.568937,2.5985724925994873
1600362137.6089272,3,False,True,24.125,1600362135.8589733,38.5,1600362136.7289116,38.187,1600362137.6089213,2.6380980014801025
1600362140.5689514,3,False,True,24.125,1600362138.8089545,38.437,1600362139.6889136,38.187,1600362140.5689447,2.597691297531128
1600362143.6089406,3,False,True,24.125,1600362141.8489108,38.375,1600362142.7289307,38.062,1600362143.6089344,2.6372125148773193
1600362146.6488967,3,False,True,24.125,1600362144.888914,38.25,1600362145.7689638,38.0,1600362146.6488903,2.676740884780884
1600362149.608897,3,False,True,24.125,1600362147.8489401,38.187,1600362148.7290041,37.937,1600362149.60889,2.6365883350372314
1600362152.64895,3,False,True,24.125,1600362150.8889494,38.125,1600362151.7688897,37.875,1600362152.648943,2.676222085952759
1600362155.618444,3,False,True,24.125,1600362153.8487403,38.062,1600362154.72889,37.812,1600362155.6184402,2.645275354385376
1600362158.5689266,3,False,True,24.125,1600362156.8089452,38.0,1600362157.6889474,37.75,1600362158.5689204,2.5954153537750244
1600362161.608934,3,False,True,24.125,1600362159.8489137,37.937,1600362160.7289383,37.687,1600362161.6089272,2.6349499225616455
1600362164.6489224,3,False,True,24.125,1600362162.8889472,37.875,1600362163.7689161,37.625,1600362164.6489162,2.6744985580444336
1600362167.6089141,3,False,True,24.125,1600362165.848971,37.812,1600362166.7289052,37.562,1600362167.6089077,2.634104013442993
1600362170.6490831,3,False,True,24.125,1600362168.8889468,37.75,1600362169.7688842,37.5,1600362170.6490762,2.673845052719116
1600362173.6089194,3,False,True,24.125,1600362171.8489125,37.75,1600362172.7289507,37.437,1600362173.6089127,2.6332924365997314
1600362176.6488924,3,False,True,24.125,1600362174.8889256,37.625,1600362175.7689288,37.375,1600362176.6488862,2.6728298664093018
1600362179.6089199,3,False,True,24.125,1600362177.8489394,37.562,1600362178.7289097,37.312,1600362179.6089132,2.632467031478882
1600362182.6489363,3,False,True,24.125,1600362180.889023,37.5,1600362181.7689285,37.25,1600362182.6489296,2.672063112258911
1600362185.6089582,3,False,True,24.125,1600362183.8489513,37.437,1600362184.728894,37.187,1600362185.6089513,2.6316888332366943
1600362188.6489136,3,False,True,24.125,1600362186.8889043,37.375,1600362187.768946,37.125,1600362188.6489074,2.671215534210205
1600362191.608909,3,False,True,24.125,1600362189.8489192,37.312,1600362190.7289457,37.062,1600362191.6089025,2.630812168121338
1600362194.698564,3,False,True,24.125,1600362192.8889415,37.25,1600362193.7689188,37.0,1600362194.69856,2.7199954986572266
1600362197.608942,3,False,True,24.125,1600362195.8489404,37.187,1600362196.7289205,36.937,1600362197.6089354,2.6300833225250244
1600362200.64909,3,False,True,24.125,1600362198.888941,37.125,1600362199.7689319,36.875,1600362200.6490831,2.6697919368743896
1600362203.6089315,3,False,True,24.125,1600362201.8489335,37.062,1600362202.728913,36.75,1600362203.6089256,2.6292405128479004
1600362206.6489065,3,False,True,24.125,1600362204.8895147,37.0,1600362205.7689352,36.75,1600362206.6489003,2.6687774658203125
1600362209.6088948,3,False,True,24.125,1600362207.8489559,36.937,1600362208.728915,36.687,1600362209.6088881,2.628371238708496
1600362212.64895,3,False,True,24.125,1600362210.8889525,36.875,1600362211.7689042,36.625,1600362212.6489432,2.6679975986480713
1600362215.6089313,3,False,True,24.125,1600362213.8489716,36.812,1600362214.7288961,36.562,1600362215.6089249,2.6275856494903564
1600362218.6489527,3,False,True,24.125,1600362216.8889825,36.75,1600362217.7689724,36.5,1600362218.6489458,2.6671535968780518
1600362221.6089144,3,False,True,24.125,1600362219.848925,36.687,1600362220.728932,36.437,1600362221.6089067,2.6267027854919434
1600362224.648896,3,False,True,24.125,1600362222.8889642,36.625,1600362223.7689276,36.375,1600362224.6488898,2.6662542819976807
1600362227.6089458,3,False,True,24.125,1600362225.8489416,36.562,1600362226.7288969,36.312,1600362227.6089394,2.625910520553589
1600362230.6487606,3,False,True,24.125,1600362228.8889372,36.5,1600362229.7688937,36.25,1600362230.6487556,2.665261745452881
1600362233.6089249,3,False,True,24.125,1600362231.8489254,36.437,1600362232.7289493,36.187,1600362233.608918,2.6250572204589844
1600362236.64891,3,False,True,24.125,1600362234.8889196,36.437,1600362235.7687116,36.125,1600362236.6489034,2.6646032333374023
1600362239.608908,3,False,True,24.125,1600362237.8489602,36.375,1600362238.7289116,36.125,1600362239.6089013,2.6242008209228516
1600362242.648948,3,False,True,24.125,1600362240.8889508,36.312,1600362241.768939,36.062,1600362242.648941,2.663808584213257
1600362245.6089342,3,False,True,24.125,1600362243.848958,36.187,1600362244.7288983,36.0,1600362245.608927,2.623398780822754
1600362248.6489248,3,False,True,24.125,1600362246.8889153,36.187,1600362247.768939,35.937,1600362248.6489177,2.662966012954712
1600362251.608918,3,False,True,24.125,1600362249.8489103,36.125,1600362250.7287245,35.875,1600362251.6089113,2.6225552558898926
1600362254.6488855,3,False,True,24.125,1600362252.8889515,36.062,1600362253.768933,35.812,1600362254.6488793,2.6620852947235107
1600362257.6089325,3,False,True,24.125,1600362255.8489428,36.0,1600362256.728904,35.812,1600362257.6089256,2.621731996536255
1600362260.6489983,3,False,True,24.125,1600362258.8889458,35.937,1600362259.7688975,35.687,1600362260.6489909,2.6613550186157227
1600362263.608928,3,False,True,24.125,1600362261.8489301,35.937,1600362262.7289426,35.687,1600362263.6089215,2.620885133743286
1600362266.6489131,3,False,True,24.125,1600362264.889065,35.875,1600362265.7687132,35.625,1600362266.6489067,2.660421848297119
1600362269.6089187,3,False,True,24.125,1600362267.8489518,35.812,1600362268.728917,35.562,1600362269.6089122,2.620028018951416
1600362272.6489515,3,False,True,24.125,1600362270.8889534,35.75,1600362271.7689106,35.5,1600362272.6489444,2.6596224308013916
1600362275.6089041,3,False,True,24.125,1600362273.848948,35.687,1600362274.728887,35.437,1600362275.6088977,2.619166135787964
1600362278.6489353,3,False,True,24.125,1600362276.8883414,35.625,1600362277.768939,35.375,1600362278.6489289,2.658757209777832
1600362281.6089046,3,False,True,24.125,1600362279.8489184,35.625,1600362280.728728,35.375,1600362281.6088982,2.618319034576416
1600362284.6489117,3,False,True,24.125,1600362282.8889537,35.562,1600362283.7689302,35.312,1600362284.6489055,2.6578822135925293
1600362287.6889424,3,False,True,24.125,1600362285.848943,35.5,1600362286.8090518,35.25,1600362287.6889362,2.6975128650665283
1600362290.64892,3,False,True,24.125,1600362288.8889453,35.437,1600362289.7688847,35.187,1600362290.6489136,2.657120704650879
1600362293.6089272,3,False,True,24.125,1600362291.84892,35.375,1600362292.7289317,35.187,1600362293.6089206,2.616718292236328
1600362296.6489096,3,False,True,24.125,1600362294.8890674,35.375,1600362295.7687185,35.125,1600362296.648903,2.6562557220458984
1600362299.6888952,3,False,True,24.125,1600362297.9289484,35.25,1600362298.8089182,35.062,1600362299.6888885,2.69584059715271
1600362302.64893,3,False,True,24.125,1600362300.888958,35.187,1600362301.7689364,35.0,1600362302.6489236,2.6555135250091553
1600362305.608887,3,False,True,24.125,1600362303.8489408,35.187,1600362304.728884,34.937,1600362305.6088803,2.6150612831115723
1600362308.6489174,3,False,True,24.125,1600362306.8889174,35.125,1600362307.7689364,34.875,1600362308.6489108,2.6546437740325928
1600362311.6089017,3,False,True,24.125,1600362309.848916,35.062,1600362310.7300713,34.875,1600362311.6088948,2.614220380783081
1600362314.6488898,3,False,True,24.125,1600362312.888948,35.0,1600362313.768895,34.812,1600362314.648883,2.653761148452759
1600362317.6085038,3,False,True,24.125,1600362315.848948,35.0,1600362316.7288907,34.75,1600362317.6084993,2.6129281520843506
1600362320.6488986,3,False,True,24.125,1600362318.8889318,34.937,1600362319.7688951,34.687,1600362320.6488924,2.652920722961426
1600362323.6089058,3,False,True,24.125,1600362321.8489377,34.875,1600362322.72893,34.625,1600362323.6088994,2.6125128269195557
1600362326.648892,3,False,True,24.125,1600362324.8889296,34.812,1600362325.7699003,34.625,1600362326.6488853,2.652048110961914
1600362329.6189046,3,False,True,24.125,1600362327.8487253,34.812,1600362328.728908,34.562,1600362329.6188984,2.6216561794281006
1600362332.6489446,3,False,True,24.125,1600362330.8887663,34.75,1600362331.7688994,34.5,1600362332.6489382,2.651261329650879
1600362335.6089628,3,False,True,24.125,1600362333.848934,34.687,1600362334.7289374,34.437,1600362335.608956,2.6108694076538086
1600362338.6489506,3,False,True,24.125,1600362336.8891401,34.625,1600362337.768758,34.437,1600362338.6489441,2.650405168533325
1600362341.6089594,3,False,True,24.125,1600362339.8489208,34.562,1600362340.728888,34.375,1600362341.6089528,2.609994411468506
1600362344.6489503,3,False,True,24.125,1600362342.8889604,34.562,1600362343.76873,34.312,1600362344.648944,2.6495354175567627
1600362347.6089265,3,False,True,24.125,1600362345.8489766,34.5,1600362346.7288976,34.25,1600362347.6089194,2.609099864959717
1600362350.6489255,3,False,True,24.125,1600362348.888945,34.437,1600362349.7688935,34.25,1600362350.6489193,2.648646116256714
1600362353.6089,3,False,True,24.125,1600362351.8489172,34.375,1600362352.728951,34.187,1600362353.6088936,2.6081974506378174
1600362356.648945,3,False,True,24.125,1600362354.8890595,34.375,1600362355.7688918,34.187,1600362356.6489387,2.647784471511841
1600362359.6089041,3,False,True,24.125,1600362357.8489707,34.312,1600362358.7289195,34.125,1600362359.6088977,2.6073358058929443
1600362362.6489234,3,False,True,24.125,1600362360.8988175,34.25,1600362361.7689102,34.062,1600362362.6489167,2.646902322769165
1600362365.6089058,3,False,True,24.125,1600362363.8489406,34.187,1600362364.7289252,34.0,1600362365.6088996,2.606459617614746
1600362368.6895301,3,False,True,24.187,1600362366.8889513,34.187,1600362367.7689302,33.937,1600362368.689524,2.6866230964660645
1600362371.608938,3,False,True,24.125,1600362369.8489132,34.125,1600362370.7289202,33.937,1600362371.6089313,2.6056454181671143
1600362374.6489203,3,False,True,24.125,1600362372.8889618,34.062,1600362373.7689164,33.875,1600362374.6489139,2.6451714038848877
1600362377.6089528,3,False,True,24.125,1600362375.848925,34.062,1600362376.728914,33.812,1600362377.608946,2.6047885417938232
1600362380.7289314,3,False,True,24.125,1600362378.9295478,34.0,1600362379.8488817,33.812,1600362380.7289248,2.724306344985962
1600362383.6089764,3,False,True,24.125,1600362381.8489425,34.0,1600362382.7289455,33.75,1600362383.60897,2.6040151119232178
1600362386.6489346,3,False,True,24.125,1600362384.889061,33.937,1600362385.7689347,33.687,1600362386.6489289,2.64351224899292
1600362389.6089354,3,False,True,24.125,1600362387.8489456,33.875,1600362388.7289107,33.687,1600362389.6089287,2.603100538253784
1600362392.6489775,3,False,True,24.125,1600362390.888927,33.875,1600362391.7689397,33.625,1600362392.6489706,2.642681121826172
1600362395.609567,3,False,True,24.187,1600362393.848968,33.75,1600362394.7289073,33.625,1600362395.6095605,2.6028480529785156
1600362398.6489782,3,False,True,24.125,1600362396.8889384,33.75,1600362397.7683318,33.562,1600362398.6489716,2.6417880058288574
1600362401.6089237,3,False,True,24.125,1600362399.8489478,33.687,1600362400.7288947,33.5,1600362401.6089168,2.601304292678833
1600362404.6489427,3,False,True,24.125,1600362402.8889544,33.687,1600362403.7689035,33.437,1600362404.6489363,2.6408629417419434
1600362407.6087198,3,False,True,24.125,1600362405.8489497,33.625,1600362406.7289286,33.437,1600362407.6087143,2.600203514099121
1600362410.6489012,3,False,True,24.125,1600362408.8889525,33.562,1600362409.7686834,33.375,1600362410.6488948,2.6399433612823486
1600362413.6089137,3,False,True,24.125,1600362411.8489,33.562,1600362412.728958,33.312,1600362413.6089077,2.5995349884033203
1600362416.6489353,3,False,True,24.125,1600362414.8889244,33.5,1600362415.7689216,33.312,1600362416.6489289,2.639087200164795
1600362419.6089575,3,False,True,24.125,1600362417.8489616,33.437,1600362418.7289572,33.25,1600362419.6089506,2.598686695098877
1600362422.648972,3,False,True,24.125,1600362420.8889487,33.437,1600362421.769175,33.25,1600362422.648965,2.6382551193237305
1600362425.6089485,3,False,True,24.125,1600362423.8489726,33.375,1600362424.728915,33.187,1600362425.6089418,2.597806692123413
1600362428.6488976,3,False,True,24.125,1600362426.8889465,33.375,1600362427.7689312,33.125,1600362428.6488914,2.637289524078369
1600362431.6889486,3,False,True,24.125,1600362429.928924,33.312,1600362430.8088868,33.062,1600362431.6889424,2.6769142150878906
1600362434.6489053,3,False,True,24.125,1600362432.888971,33.25,1600362433.768929,33.062,1600362434.6488984,2.6364827156066895
1600362437.6889482,3,False,True,24.125,1600362435.9289272,33.187,1600362436.8089168,33.0,1600362437.6889415,2.6760940551757812
1600362440.6488988,3,False,True,24.125,1600362438.8889618,33.187,1600362439.7689118,33.0,1600362440.6488926,2.635664463043213
1600362443.688958,3,False,True,24.125,1600362441.9289408,33.125,1600362442.8089218,32.937,1600362443.6889513,2.6752982139587402
1600362446.648967,3,False,True,24.125,1600362444.8889372,33.125,1600362445.7689056,32.937,1600362446.6489606,2.6349220275878906
1600362449.6889157,3,False,True,24.125,1600362447.9289691,33.062,1600362448.808919,32.875,1600362449.688909,2.6744444370269775
1600362452.648957,3,False,True,24.187,1600362450.8889265,33.062,1600362451.7689533,32.812,1600362452.6489506,2.634101152420044
1600362455.6889188,3,False,True,24.125,1600362453.9289465,33.0,1600362454.8089118,32.812,1600362455.6889122,2.673631191253662
1600362458.6483014,3,False,True,24.125,1600362456.888943,32.937,1600362457.7689116,32.75,1600362458.6482978,2.6325626373291016
1600362461.768948,3,False,True,24.125,1600362459.92895,32.875,1600362460.8495092,32.687,1600362461.7689416,2.7528514862060547
1600362464.6489305,3,False,True,24.125,1600362462.8883104,32.875,1600362463.7689245,32.687,1600362464.648924,2.6327385902404785
1600362467.688922,3,False,True,24.125,1600362465.928912,32.875,1600362466.8089254,32.625,1600362467.6889153,2.6722981929779053
1600362470.6489143,3,False,True,24.125,1600362468.8889415,32.812,1600362469.7689323,32.625,1600362470.6489077,2.631899833679199
1600362473.688929,3,False,True,24.125,1600362471.9289618,32.75,1600362472.8089359,32.562,1600362473.6889222,2.6714837551116943
1600362476.6489282,3,False,True,24.125,1600362474.888914,32.75,1600362475.7689183,32.562,1600362476.648922,2.631086826324463
1600362479.6889224,3,False,True,24.125,1600362477.928947,32.687,1600362478.8089383,32.5,1600362479.6889155,2.670623779296875
1600362482.6488857,3,False,True,24.125,1600362480.8889284,32.687,1600362481.769079,32.437,1600362482.6488793,2.6301987171173096
1600362485.6889222,3,False,True,24.125,1600362483.9289498,32.625,1600362484.8089,32.437,1600362485.688916,2.66980242729187
1600362488.6489007,3,False,True,24.125,1600362486.8889632,32.562,1600362487.7689314,32.375,1600362488.6488945,2.6293883323669434
1600362491.688723,3,False,True,24.062,1600362489.9289255,32.562,1600362490.808897,32.375,1600362491.6887178,2.668755054473877
1600362494.6489186,3,False,True,24.125,1600362492.8889453,32.5,1600362493.7689517,32.312,1600362494.6489115,2.6285817623138428
1600362497.688928,3,False,True,24.125,1600362495.928959,32.5,1600362496.8089256,32.25,1600362497.688922,2.668156623840332
1600362500.6489234,3,False,True,24.125,1600362498.8889554,32.437,1600362499.7689564,32.25,1600362500.6489174,2.6277544498443604
1600362503.6889153,3,False,True,24.125,1600362501.9285169,32.437,1600362502.8089402,32.187,1600362503.6889088,2.667311429977417
1600362506.6489298,3,False,True,24.125,1600362504.8889074,32.375,1600362505.7689204,32.187,1600362506.6489227,2.626923084259033
1600362509.688716,3,False,True,24.125,1600362507.928969,32.375,1600362508.8089359,32.125,1600362509.6887107,2.6662533283233643
1600362512.6489544,3,False,True,24.125,1600362510.8889227,32.312,1600362511.769089,32.125,1600362512.6489477,2.626124382019043
1600362515.6889174,3,False,True,24.125,1600362513.9289505,32.25,1600362514.8089325,32.062,1600362515.6889112,2.6656494140625
1600362518.6484168,3,False,True,24.125,1600362516.888975,32.25,1600362517.768931,32.062,1600362518.6484134,2.6246957778930664
1600362521.6889496,3,False,True,24.125,1600362519.9289184,32.187,1600362520.808924,32.0,1600362521.6889424,2.6648685932159424
1600362524.648906,3,False,True,24.125,1600362522.888977,32.187,1600362523.7689223,32.0,1600362524.6488996,2.624427318572998
1600362527.6889644,3,False,True,24.125,1600362525.9289246,32.125,1600362526.8089106,31.937,1600362527.6889575,2.664051055908203
1600362530.6489005,3,False,True,24.125,1600362528.8889818,32.125,1600362529.7689126,31.937,1600362530.6488938,2.6235880851745605
1600362533.6888878,3,False,True,24.125,1600362531.9289691,32.062,1600362532.8089378,31.875,1600362533.6888814,2.663137912750244
1600362536.6489358,3,False,True,24.125,1600362534.8889225,32.062,1600362535.7689316,31.875,1600362536.6489289,2.6227822303771973
1600362539.6889057,3,False,True,24.125,1600362537.9289725,32.0,1600362538.8089144,31.812,1600362539.6888993,2.662318229675293
1600362542.648955,3,False,True,24.125,1600362540.8889217,32.0,1600362541.7689626,31.75,1600362542.6489487,2.621974468231201
1600362545.688913,3,False,True,24.125,1600362543.9289489,31.937,1600362544.8089213,31.75,1600362545.688907,2.661482572555542
1600362548.6489117,3,False,True,24.125,1600362546.8889394,31.937,1600362547.7689266,31.75,1600362548.648905,2.621082305908203
1600362551.6889517,3,False,True,24.125,1600362549.9289114,31.875,1600362550.808922,31.687,1600362551.6889448,2.660677433013916
1600362554.6489382,3,False,True,24.125,1600362552.8889675,31.875,1600362553.7689085,31.625,1600362554.6489317,2.6202595233917236
1600362557.6889393,3,False,True,24.125,1600362555.9289253,31.812,1600362556.8089492,31.625,1600362557.6889327,2.6598193645477295
1600362560.648919,3,False,True,24.125,1600362558.8889513,31.812,1600362559.7688997,31.625,1600362560.6489124,2.6193976402282715
1600362563.6889067,3,False,True,24.125,1600362561.9289312,31.75,1600362562.8089504,31.562,1600362563.6889,2.6589388847351074
1600362566.6489468,3,False,True,24.125,1600362564.8889213,31.75,1600362565.7689004,31.562,1600362566.6489403,2.618572950363159
1600362569.6889193,3,False,True,24.125,1600362567.928939,31.687,1600362568.8089466,31.5,1600362569.6889129,2.6581015586853027
1600362572.6489422,3,False,True,24.125,1600362570.8889222,31.687,1600362571.7689552,31.5,1600362572.6489363,2.617727279663086
1600362575.6888614,3,False,True,24.125,1600362573.928981,31.625,1600362574.8089135,31.437,1600362575.6888554,2.657195806503296
1600362578.648906,3,False,True,24.187,1600362576.8889313,31.625,1600362577.768943,31.437,1600362578.6488998,2.6168434619903564
1600362581.6889708,3,False,True,24.125,1600362579.928955,31.562,1600362580.8089123,31.375,1600362581.688964,2.656475305557251
1600362584.6489117,3,False,True,24.125,1600362582.8889718,31.562,1600362583.768719,31.375,1600362584.648905,2.61600923538208
1600362587.6887364,3,False,True,24.125,1600362585.9289315,31.5,1600362586.8089225,31.312,1600362587.6887314,2.6553680896759033
1600362590.6488903,3,False,True,24.125,1600362588.888981,31.5,1600362589.768922,31.312,1600362590.6488845,2.6151397228240967
1600362593.6888971,3,False,True,24.125,1600362591.9289532,31.437,1600362592.8089318,31.25,1600362593.688891,2.6546993255615234
1600362596.6489248,3,False,True,24.125,1600362594.8889196,31.437,1600362595.7689164,31.25,1600362596.6489189,2.6143298149108887
1600362599.6889641,3,False,True,24.125,1600362597.9289749,31.437,1600362598.80892,31.187,1600362599.688958,2.6539204120635986
1600362602.648945,3,False,True,24.125,1600362600.888924,31.375,1600362601.7689435,31.187,1600362602.6489382,2.6135029792785645
1600362605.6889288,3,False,True,24.187,1600362603.9289472,31.312,1600362604.8088927,31.125,1600362605.6889224,2.6530344486236572
1600362608.648985,3,False,True,24.125,1600362606.8889709,31.312,1600362607.7689438,31.125,1600362608.6489785,2.6126832962036133
1600362611.688951,3,False,True,24.125,1600362609.928921,31.312,1600362610.8089242,31.062,1600362611.6889446,2.652198076248169
1600362614.6489303,3,False,True,24.125,1600362612.888928,31.25,1600362613.7689452,31.062,1600362614.6489239,2.6117610931396484
1600362617.698945,3,False,True,24.125,1600362615.9289558,31.187,1600362616.8089278,31.0,1600362617.6989384,2.6613261699676514
1600362620.6489036,3,False,True,24.125,1600362618.8889413,31.187,1600362619.7689397,31.0,1600362620.6488976,2.6108810901641846
1600362623.6889102,3,False,True,24.125,1600362621.9289482,31.187,1600362622.8089502,30.937,1600362623.688903,2.650439977645874
1600362626.6489258,3,False,True,24.125,1600362624.8887277,31.125,1600362625.7689161,30.937,1600362626.6489193,2.610034942626953
1600362629.688936,3,False,True,24.125,1600362627.92895,31.125,1600362628.8089142,30.937,1600362629.688929,2.6495859622955322
1600362632.6489568,3,False,True,24.125,1600362630.8889284,31.125,1600362631.7689855,30.875,1600362632.6489506,2.609196901321411
1600362635.7089465,3,False,True,24.125,1600362633.928989,31.062,1600362634.8089175,30.875,1600362635.7089396,2.668722152709961
1600362638.6489313,3,False,True,24.125,1600362636.8889868,31.062,1600362637.7689862,30.875,1600362638.6489246,2.608309268951416
1600362641.689104,3,False,True,24.125,1600362639.9283187,31.0,1600362640.8089113,30.812,1600362641.6890974,2.6480331420898438
1600362644.6489213,3,False,True,24.125,1600362642.8889477,31.0,1600362643.7689807,30.812,1600362644.648915,2.6074297428131104
1600362647.6889448,3,False,True,24.125,1600362645.9289584,30.937,1600362646.8089447,30.75,1600362647.688938,2.6469943523406982
1600362650.6489186,3,False,True,24.125,1600362648.8889234,30.937,1600362649.768938,30.75,1600362650.6489122,2.6065495014190674
1600362653.6888967,3,False,True,24.125,1600362651.9289792,30.875,1600362652.8089359,30.75,1600362653.6888907,2.646070718765259
1600362656.6489468,3,False,True,24.125,1600362654.8889217,30.875,1600362655.7689455,30.687,1600362656.6489403,2.605691909790039
1600362659.688902,3,False,True,24.125,1600362657.928977,30.875,1600362658.808922,30.625,1600362659.6888957,2.645183801651001
1600362662.6489716,3,False,True,24.125,1600362660.8889337,30.812,1600362661.768938,30.625,1600362662.648965,2.6048383712768555
1600362665.688712,3,False,True,24.125,1600362663.9289575,30.812,1600362664.8089252,30.625,1600362665.6887066,2.6440935134887695
1600362668.6490686,3,False,True,24.125,1600362666.8889518,30.812,1600362667.768933,30.562,1600362668.6490617,2.604051351547241
1600362671.6891057,3,False,True,24.125,1600362669.9289167,30.75,1600362670.8089213,30.562,1600362671.689099,2.6436281204223633
1600362674.6489394,3,False,True,24.125,1600362672.8889542,30.75,1600362673.7689075,30.562,1600362674.6489332,2.603040933609009
1600362677.6889765,3,False,True,24.125,1600362675.9287772,30.687,1600362676.80895,30.5,1600362677.68897,2.642622470855713
1600362680.6489408,3,False,True,24.125,1600362678.8889406,30.687,1600362679.7689142,30.5,1600362680.648934,2.6021580696105957
1600362683.6889443,3,False,True,24.125,1600362681.9289536,30.687,1600362682.8089445,30.437,1600362683.6889377,2.641702890396118
1600362686.6489372,3,False,True,24.125,1600362684.8889546,30.625,1600362685.7689292,30.437,1600362686.6489303,2.6012685298919678
1600362689.6889503,3,False,True,24.125,1600362687.928952,30.625,1600362688.8089135,30.375,1600362689.6889436,2.6408169269561768
1600362692.6489625,3,False,True,24.125,1600362690.888943,30.562,1600362691.768741,30.375,1600362692.648956,2.600411891937256
1600362695.688939,3,False,True,24.125,1600362693.9301488,30.562,1600362694.8089163,30.375,1600362695.688932,2.639918088912964
1600362698.648954,3,False,True,24.125,1600362696.8889596,30.562,1600362697.7689636,30.375,1600362698.6489477,2.599501848220825
1600362701.7687478,3,False,True,24.125,1600362699.9288733,30.5,1600362700.8089519,30.312,1600362701.768742,2.71881103515625
1600362704.6489272,3,False,True,24.125,1600362702.88895,30.437,1600362703.768959,30.25,1600362704.6489205,2.598665952682495
1600362707.688941,3,False,True,24.125,1600362705.9289627,30.437,1600362706.8087144,30.25,1600362707.6889343,2.6382157802581787
1600362710.648921,3,False,True,24.125,1600362708.8889418,30.437,1600362709.7691693,30.25,1600362710.6489146,2.597764253616333
1600362713.6888971,3,False,True,24.125,1600362711.9289777,30.375,1600362712.808946,30.25,1600362713.6888902,2.637277126312256
1600362716.7389576,3,False,True,24.125,1600362714.9689214,30.375,1600362715.848898,30.187,1600362716.7389507,2.6869113445281982
1600362719.6889088,3,False,True,24.125,1600362717.9289706,30.375,1600362718.8089244,30.187,1600362719.6889021,2.6364917755126953
1600362722.7289767,3,False,True,24.125,1600362720.9689293,30.312,1600362721.848727,30.125,1600362722.7289703,2.676133155822754
1600362725.6889148,3,False,True,24.125,1600362723.92898,30.312,1600362724.8089185,30.125,1600362725.6889083,2.635683059692383
1600362728.7289433,3,False,True,24.187,1600362726.9689538,30.25,1600362727.8489408,30.125,1600362728.7289367,2.675283432006836
1600362731.689049,3,False,True,24.125,1600362729.928965,30.25,1600362730.8089175,30.062,1600362731.6890423,2.634998083114624
1600362734.728906,3,False,True,24.187,1600362732.9689744,30.25,1600362733.8489304,30.062,1600362734.7288992,2.674424886703491
1600362737.6889532,3,False,True,24.125,1600362735.9289217,30.25,1600362736.8089683,30.062,1600362737.688947,2.6340832710266113
1600362740.7289095,3,False,True,24.125,1600362738.9689803,30.187,1600362739.8489308,30.0,1600362740.7289023,2.6736114025115967
1600362743.6889055,3,False,True,24.125,1600362741.9289706,30.125,1600362742.80904,30.0,1600362743.6888986,2.6332130432128906
1600362746.7289217,3,False,True,24.125,1600362744.9689336,30.187,1600362745.8489826,29.937,1600362746.728915,2.67279314994812
1600362749.6889195,3,False,True,24.125,1600362747.9289548,30.125,1600362748.808925,29.937,1600362749.688913,2.6323916912078857
1600362752.7289362,3,False,True,24.125,1600362750.9689336,30.062,1600362751.8488004,29.937,1600362752.7289295,2.6719799041748047
1600362755.6889334,3,False,True,24.125,1600362753.9289355,30.125,1600362754.8089426,29.937,1600362755.6889267,2.6315836906433105
1600362758.7289052,3,False,True,24.125,1600362756.968978,30.062,1600362757.8490984,29.875,1600362758.7288985,2.67112135887146
1600362761.6889148,3,False,True,24.125,1600362759.9289193,30.0,1600362760.8083625,29.875,1600362761.6889083,2.6307334899902344
1600362764.7289083,3,False,True,24.125,1600362762.9689429,30.0,1600362763.8486884,29.812,1600362764.728902,2.6702873706817627
1600362767.6889331,3,False,True,24.187,1600362765.9289289,30.0,1600362766.8094974,29.812,1600362767.6889265,2.629926919937134
1600362770.7289343,3,False,True,24.125,1600362768.9689512,29.937,1600362769.8488991,29.812,1600362770.7289279,2.669497489929199
1600362773.6889405,3,False,True,24.125,1600362771.9287395,30.0,1600362772.808932,29.75,1600362773.6889336,2.6291117668151855
1600362776.7289104,3,False,True,24.125,1600362774.968927,29.937,1600362775.8490307,29.75,1600362776.728904,2.668637275695801
1600362779.6889467,3,False,True,24.125,1600362777.928954,29.937,1600362778.8089387,29.75,1600362779.6889403,2.628267765045166
1600362782.7289567,3,False,True,24.125,1600362780.968934,29.937,1600362781.8496773,29.75,1600362782.7289498,2.6678473949432373
1600362785.6889296,3,False,True,24.125,1600362783.9289465,29.875,1600362784.8089101,29.687,1600362785.6889226,2.6274235248565674
1600362788.728697,3,False,True,24.125,1600362786.9689343,29.812,1600362787.8489678,29.687,1600362788.728692,2.6667253971099854
1600362791.6890697,3,False,True,24.125,1600362789.928927,29.812,1600362790.8088994,29.625,1600362791.6890628,2.626720905303955
1600362794.728921,3,False,True,24.125,1600362792.968947,29.812,1600362793.8489559,29.625,1600362794.7289145,2.666130542755127
1600362797.6889875,3,False,True,24.125,1600362795.9289362,29.812,1600362796.8089204,29.625,1600362797.6889803,2.6258041858673096
1600362800.7289252,3,False,True,24.125,1600362798.9688787,29.812,1600362799.848943,29.625,1600362800.7289188,2.6652982234954834
1600362803.6889374,3,False,True,24.125,1600362801.9387765,29.75,1600362802.8089488,29.562,1600362803.6889303,2.624919891357422
1600362806.7289248,3,False,True,24.125,1600362804.96892,29.687,1600362805.8489375,29.562,1600362806.7289183,2.664458751678467
1600362809.6889431,3,False,True,24.125,1600362807.9289563,29.75,1600362808.8089168,29.5,1600362809.688936,2.6240715980529785
1600362812.7289593,3,False,True,24.125,1600362810.9689214,29.687,1600362811.8489323,29.5,1600362812.728953,2.6636531352996826
1600362815.6889393,3,False,True,24.125,1600362813.9289505,29.687,1600362814.8088982,29.5,1600362815.6889324,2.6232385635375977
1600362818.7289162,3,False,True,24.187,1600362816.9689424,29.625,1600362817.849091,29.5,1600362818.7289097,2.6627748012542725
1600362821.6887906,3,False,True,24.125,1600362819.9289293,29.625,1600362820.8093138,29.437,1600362821.6887834,2.6222481727600098
1600362824.7289073,3,False,True,24.125,1600362822.9689634,29.625,1600362823.8489199,29.437,1600362824.7289007,2.661916494369507
1600362827.6889744,3,False,True,24.125,1600362825.9290726,29.562,1600362826.808938,29.437,1600362827.6889677,2.621868371963501
1600362830.7289166,3,False,True,24.125,1600362828.968986,29.562,1600362829.8489306,29.375,1600362830.7289097,2.661367893218994
1600362833.6889272,3,False,True,24.125,1600362831.9289267,29.562,1600362832.808967,29.375,1600362833.6889207,2.6209781169891357
1600362836.7289004,3,False,True,24.125,1600362834.968948,29.5,1600362835.8489206,29.375,1600362836.728894,2.660506010055542
1600362839.7295258,3,False,True,24.125,1600362837.928962,29.5,1600362838.808918,29.375,1600362839.7295191,2.6607251167297363
1600362842.728962,3,False,True,24.125,1600362840.9689362,29.5,1600362841.8489654,29.312,1600362842.728955,2.6597609519958496
1600362845.6889296,3,False,True,24.125,1600362843.9289582,29.437,1600362844.8089108,29.312,1600362845.688923,2.6193253993988037
1600362848.7289186,3,False,True,24.125,1600362846.968922,29.437,1600362847.8489692,29.312,1600362848.7289124,2.658870220184326
1600362851.7689154,3,False,True,24.187,1600362849.9695265,29.437,1600362850.8889234,29.25,1600362851.7689087,2.6984550952911377
1600362854.728982,3,False,True,24.187,1600362852.96896,29.375,1600362853.8489099,29.25,1600362854.728975,2.6581547260284424
1600362857.6889422,3,False,True,24.125,1600362855.9289615,29.437,1600362856.8089087,29.25,1600362857.688936,2.617706537246704
1600362860.7289543,3,False,True,24.125,1600362858.968951,29.375,1600362859.8489182,29.187,1600362860.728948,2.6572694778442383
1600362863.6889067,3,False,True,24.125,1600362861.9289498,29.375,1600362862.808956,29.187,1600362863.6888998,2.616820812225342
1600362866.7289205,3,False,True,24.187,1600362864.9689457,29.312,1600362865.8489215,29.187,1600362866.728914,2.6563854217529297
1600362869.6889403,3,False,True,24.125,1600362867.9289591,29.312,1600362868.8089223,29.187,1600362869.6889336,2.6159961223602295
1600362872.7289672,3,False,True,24.125,1600362870.9689503,29.312,1600362871.848924,29.125,1600362872.7289603,2.655564069747925
1600362875.6889598,3,False,True,24.125,1600362873.9289494,29.25,1600362874.8089325,29.125,1600362875.6889532,2.6151442527770996
1600362878.7288637,3,False,True,24.187,1600362876.9689572,29.25,1600362877.8489563,29.125,1600362878.728857,2.6546027660369873
1600362881.688396,3,False,True,24.187,1600362879.928923,29.25,1600362880.808692,29.062,1600362881.6883924,2.6136691570281982
1600362884.7289393,3,False,True,24.125,1600362882.9689615,29.25,1600362883.8489585,29.062,1600362884.7289329,2.653841495513916
1600362887.6889687,3,False,True,24.125,1600362885.9289331,29.187,1600362886.8088892,29.062,1600362887.6889615,2.613463878631592
1600362890.7289364,3,False,True,24.125,1600362888.968936,29.187,1600362889.848945,29.062,1600362890.7289298,2.6529784202575684
1600362893.6889336,3,False,True,24.187,1600362891.928932,29.187,1600362892.8088212,29.0,1600362893.6889267,2.612578868865967
1600362896.7289155,3,False,True,24.187,1600362894.9689393,29.125,1600362895.8489356,29.0,1600362896.7289093,2.652109146118164
1600362899.6889307,3,False,True,24.125,1600362897.9289627,29.125,1600362898.8088958,29.0,1600362899.6889243,2.6118245124816895
1600362902.728993,3,False,True,24.125,1600362900.9689343,29.125,1600362901.8489637,29.0,1600362902.7289867,2.6514389514923096
1600362905.6889305,3,False,True,24.125,1600362903.9289482,29.062,1600362904.8089104,28.937,1600362905.6889243,2.610964059829712
1600362908.7289174,3,False,True,24.125,1600362906.968918,29.062,1600362907.8489609,28.937,1600362908.7289112,2.6504993438720703
1600362911.6889355,3,False,True,24.125,1600362909.9289253,29.062,1600362910.8089063,28.937,1600362911.6889284,2.610103130340576
1600362914.7289548,3,False,True,24.125,1600362912.9689474,29.062,1600362913.8589563,28.875,1600362914.7289479,2.649672031402588
1600362917.6889262,3,False,True,24.125,1600362915.9289176,29.062,1600362916.808905,28.875,1600362917.6889198,2.6092236042022705
1600362920.7288816,3,False,True,24.187,1600362918.9689384,29.0,1600362919.8488903,28.875,1600362920.7288747,2.648721218109131
