time,execution_interval,heater_on,fan_on,t0,time_t0,t1,time_t1,t2,time_t2,elapsed
1600352044.088932,3,False,True,24.125,1600352042.3289638,24.0,1600352043.2089152,23.937,1600352044.0889256,2.6456618309020996
1600352047.0489504,3,False,True,24.125,1600352045.2889152,24.062,1600352046.1689363,23.937,1600352047.0489438,2.6052629947662354
1600352050.0889046,3,False,True,24.187,1600352048.3289664,24.062,1600352049.208913,23.937,1600352050.0888984,2.644761562347412
1600352053.0489273,3,False,True,24.187,1600352051.2889225,24.125,1600352052.1689472,23.937,1600352053.0489206,2.6043660640716553
1600352056.088912,3,False,True,24.187,1600352054.3289368,24.125,1600352055.20893,24.0,1600352056.0889063,2.6438992023468018
1600352059.0489182,3,False,True,24.25,1600352057.2890866,24.125,1600352058.1689227,24.0,1600352059.048912,2.603482723236084
1600352062.0889568,3,False,True,24.25,1600352060.3289099,24.187,1600352061.208901,24.062,1600352062.0889509,2.643056631088257
1600352065.0488834,3,False,True,24.312,1600352063.289009,24.187,1600352064.1688967,24.062,1600352065.048877,2.6025662422180176
1600352068.0889444,3,False,True,24.312,1600352066.3289335,24.187,1600352067.208937,24.062,1600352068.088938,2.642171859741211
1600352071.0489008,3,False,True,24.312,1600352069.2889366,24.25,1600352070.1688924,24.062,1600352071.0488946,2.6017820835113525
1600352074.0889676,3,False,True,24.312,1600352072.3289416,24.25,1600352073.2089024,24.125,1600352074.088961,2.641387462615967
1600352077.1289809,3,False,True,24.312,1600352075.2889416,24.25,1600352076.209515,24.125,1600352077.1289744,2.6809771060943604
1600352080.0889103,3,False,True,24.375,1600352078.3289373,24.312,1600352079.2089407,24.125,1600352080.0889046,2.6405253410339355
1600352083.048953,3,False,True,24.375,1600352081.288936,24.312,1600352082.1689384,24.125,1600352083.0489466,2.6001458168029785
1600352086.088949,3,False,True,24.437,1600352084.3289135,24.312,1600352085.2089043,24.187,1600352086.0889425,2.6396644115448
1600352089.1289306,3,False,True,24.375,1600352087.3689594,24.312,1600352088.249393,24.187,1600352089.1289241,2.6792142391204834
1600352092.088934,3,False,True,24.437,1600352090.3289242,24.312,1600352091.2089388,24.187,1600352092.088928,2.6388251781463623
1600352095.0488982,3,False,True,24.437,1600352093.2895432,24.375,1600352094.168913,24.25,1600352095.048892,2.598358392715454
1600352098.088942,3,True,True,24.5,1600352096.3289373,24.375,1600352097.2089489,24.25,1600352098.0889356,2.637916088104248
1600352101.0489433,3,True,True,24.5,1600352099.288927,24.437,1600352100.1689024,24.25,1600352101.0489373,2.597484827041626
1600352104.0889158,3,True,True,24.562,1600352102.3289363,24.5,1600352103.2089422,24.312,1600352104.0889091,2.6369874477386475
1600352107.1689496,3,True,True,24.625,1600352105.3689175,24.562,1600352106.2489262,24.375,1600352107.1689434,2.716590404510498
1600352110.0889115,3,True,True,24.75,1600352108.3289418,24.687,1600352109.2089255,24.375,1600352110.0889056,2.636204481124878
1600352113.1283607,3,True,True,24.937,1600352111.369542,24.812,1600352112.2491379,24.5,1600352113.1283574,2.6745738983154297
1600352116.0889559,3,True,True,25.187,1600352114.3285084,25.0,1600352115.2089217,24.625,1600352116.0889492,2.6348559856414795
1600352119.1289508,3,True,True,25.437,1600352117.3689566,25.187,1600352118.2489393,24.75,1600352119.1289444,2.6744086742401123
1600352122.0889492,3,True,True,25.75,1600352120.3289268,25.437,1600352121.20894,24.937,1600352122.0889425,2.6340138912200928
1600352125.1289105,3,True,True,26.062,1600352123.3689523,25.687,1600352124.2489264,25.062,1600352125.1289039,2.673553943634033
1600352128.0889568,3,True,True,26.437,1600352126.3289485,26.0,1600352127.2089474,25.312,1600352128.08895,2.6332030296325684
1600352131.128896,3,True,True,26.875,1600352129.368927,26.312,1600352130.2488866,25.562,1600352131.1288896,2.6727030277252197
1600352134.088964,3,True,True,27.312,1600352132.32894,26.687,1600352133.2089264,25.75,1600352134.088957,2.632377862930298
1600352137.1295762,3,True,True,27.812,1600352135.3689373,27.0,1600352136.2489278,26.0,1600352137.1295695,2.6725587844848633
1600352140.0889304,3,True,True,28.312,1600352138.3289342,27.375,1600352139.20892,26.0,1600352140.088924,2.631523609161377
1600352143.128962,3,True,True,28.812,1600352141.3689456,27.812,1600352142.2489486,26.562,1600352143.1289558,2.6711156368255615
1600352146.0889401,3,True,True,29.375,1600352144.3289917,28.187,1600352145.2089415,26.875,1600352146.0889335,2.630687713623047
1600352149.1289449,3,True,True,29.875,1600352147.3689582,28.625,1600352148.2489288,27.187,1600352149.1289384,2.6702520847320557
1600352152.0889432,3,True,True,30.437,1600352150.3289359,29.125,1600352151.2089489,27.562,1600352152.0889368,2.6298491954803467
1600352155.1289148,3,True,True,31.0,1600352153.3689313,29.562,1600352154.248917,27.875,1600352155.1289089,2.6693828105926514
1600352158.168729,3,True,True,31.562,1600352156.3289554,30.062,1600352157.2089553,28.25,1600352158.1687233,2.708784580230713
1600352161.1287844,3,True,True,32.125,1600352159.3689415,30.5,1600352160.248911,28.625,1600352161.1287785,2.6684722900390625
1600352164.1287184,3,True,True,32.75,1600352162.328952,31.0,1600352163.208947,29.062,1600352164.1287131,2.6679868698120117
1600352167.1290977,3,True,True,33.375,1600352165.368966,31.562,1600352166.2489176,29.5,1600352167.1290913,2.667994976043701
1600352170.1689174,3,True,True,33.937,1600352168.369373,32.062,1600352169.2889361,29.937,1600352170.1689115,2.7074179649353027
1600352173.1289022,3,True,True,34.562,1600352171.3689418,32.562,1600352172.2489297,30.312,1600352173.1288958,2.6670427322387695
1600352176.08893,3,True,True,35.125,1600352174.3283665,33.062,1600352175.2089376,30.687,1600352176.0889237,2.6266701221466064
1600352179.128941,3,True,True,35.75,1600352177.3689365,33.625,1600352178.248933,31.125,1600352179.1289346,2.6662416458129883
1600352182.0889635,3,True,True,36.312,1600352180.328922,34.125,1600352181.2089097,31.562,1600352182.088957,2.6258656978607178
1600352185.1289005,3,True,True,36.937,1600352183.3689554,34.687,1600352184.248915,32.062,1600352185.1288946,2.66536283493042
1600352188.0889275,3,True,True,37.5,1600352186.3289514,35.187,1600352187.2087214,32.437,1600352188.0889213,2.624994993209839
1600352191.1289065,3,True,True,38.125,1600352189.3689346,35.75,1600352190.2489107,32.937,1600352191.1289003,2.664524555206299
1600352194.0889385,3,True,True,38.75,1600352192.3289347,36.312,1600352193.20893,33.437,1600352194.0889318,2.6241519451141357
1600352197.1288748,3,True,True,39.375,1600352195.3689477,36.937,1600352196.2489073,33.937,1600352197.1288688,2.663632869720459
1600352200.0889373,3,True,True,39.937,1600352198.3289502,37.5,1600352199.2084997,34.5,1600352200.088931,2.623316764831543
1600352203.128934,3,True,True,40.562,1600352201.3689506,38.062,1600352202.248941,35.0,1600352203.1289268,2.6628663539886475
1600352206.0889494,3,True,True,41.125,1600352204.328917,38.562,1600352205.2089145,35.375,1600352206.0889423,2.6224727630615234
1600352209.1289344,3,True,True,41.75,1600352207.3689656,39.125,1600352208.2489457,35.875,1600352209.128928,2.6620123386383057
1600352212.0904863,3,True,True,42.312,1600352210.3289256,39.687,1600352211.2089424,35.875,1600352212.0904794,2.623169422149658
1600352215.129604,3,True,True,42.875,1600352213.3689435,40.187,1600352214.2489097,36.75,1600352215.129598,2.6618294715881348
1600352218.0889337,3,True,True,43.5,1600352216.328945,40.75,1600352217.2187243,37.25,1600352218.088927,2.620758056640625
1600352221.1287127,3,True,True,44.062,1600352219.3689322,41.312,1600352220.2489202,37.687,1600352221.128707,2.660064458847046
1600352224.0889432,3,True,True,44.625,1600352222.3289578,41.812,1600352223.208943,38.125,1600352224.0889368,2.6199140548706055
1600352227.1687312,3,True,True,45.25,1600352225.3689368,42.312,1600352226.248919,38.625,1600352227.1687257,2.6992390155792236
1600352230.0889328,3,True,True,45.812,1600352228.3289473,42.875,1600352229.2089286,39.125,1600352230.0889266,2.61910080909729
1600352233.128921,3,True,True,46.375,1600352231.4089344,43.437,1600352232.2489405,39.562,1600352233.1289146,2.658644199371338
1600352236.0889359,3,True,True,46.937,1600352234.3289258,43.937,1600352235.2085497,40.062,1600352236.08893,2.6182444095611572
1600352239.128942,3,True,True,47.562,1600352237.3689494,44.5,1600352238.2490265,40.625,1600352239.1289356,2.65779972076416
1600352242.0888968,3,True,True,48.125,1600352240.328917,45.062,1600352241.2088988,41.062,1600352242.0888908,2.6173512935638428
1600352245.128878,3,True,True,48.687,1600352243.3689237,45.625,1600352244.2489455,41.562,1600352245.128872,2.656888484954834
1600352248.0889292,3,True,True,49.187,1600352246.328923,46.062,1600352247.2090888,42.062,1600352248.088923,2.6165337562561035
1600352251.2089393,3,True,True,49.75,1600352249.3689532,46.625,1600352250.2892754,42.562,1600352251.2089324,2.7360875606536865
1600352254.0889637,3,True,True,50.25,1600352252.3289447,47.187,1600352253.2089057,43.062,1600352254.0889578,2.615783929824829
1600352257.1288853,3,True,True,50.875,1600352255.368906,47.75,1600352256.248931,43.562,1600352257.128879,2.6552608013153076
1600352260.0888834,3,True,True,51.375,1600352258.3289511,48.187,1600352259.2089407,44.062,1600352260.0888772,2.61484694480896
1600352263.1289387,3,True,True,51.875,1600352261.368947,48.75,1600352262.2490866,44.5,1600352263.128932,2.654453992843628
1600352266.0889523,3,True,True,52.437,1600352264.328924,49.187,1600352265.2089155,44.937,1600352266.088946,2.6140472888946533
1600352269.128936,3,True,True,52.937,1600352267.3689528,49.687,1600352268.2489316,45.375,1600352269.1289299,2.6535778045654297
1600352272.088914,3,True,True,53.437,1600352270.3289223,50.187,1600352271.2089038,45.812,1600352272.0889075,2.6131491661071777
1600352275.1288974,3,True,True,53.937,1600352273.3689306,50.75,1600352274.2489467,46.312,1600352275.1288912,2.6526734828948975
1600352278.0889533,3,True,True,54.437,1600352276.3289251,51.25,1600352277.2088878,46.812,1600352278.0889466,2.612321615219116
1600352281.1285126,3,True,True,54.937,1600352279.368906,51.687,1600352280.2489052,47.312,1600352281.1285083,2.6513524055480957
1600352284.0889542,3,True,True,55.437,1600352282.328951,52.125,1600352283.2089157,47.812,1600352284.0889482,2.611431837081909
1600352287.1288865,3,False,True,55.937,1600352285.3689032,52.625,1600352286.2489216,48.25,1600352287.1288805,2.650905132293701
1600352290.0889373,3,False,True,56.437,1600352288.3289301,53.062,1600352289.2089248,48.687,1600352290.088931,2.610549211502075
1600352293.128954,3,False,True,56.875,1600352291.3686137,53.5,1600352292.2488353,49.062,1600352293.1289477,2.6501121520996094
1600352296.0889592,3,False,True,57.312,1600352294.3289433,53.875,1600352295.2086036,49.5,1600352296.0889523,2.6096978187561035
1600352299.1289308,3,False,True,57.687,1600352297.368732,54.25,1600352298.248926,49.937,1600352299.1289237,2.6494548320770264
1600352302.0889258,3,False,True,58.062,1600352300.3289287,54.625,1600352301.208942,50.375,1600352302.0889194,2.609032392501831
1600352305.1288972,3,False,True,58.375,1600352303.3689458,55.0,1600352304.2488976,50.687,1600352305.1288903,2.64853835105896
1600352308.0889463,3,False,True,58.625,1600352306.328945,55.25,1600352307.2089093,51.0,1600352308.0889401,2.6081674098968506
1600352311.1289203,3,False,True,58.875,1600352309.3689485,55.562,1600352310.2489178,51.375,1600352311.1289139,2.647679090499878
1600352314.0889506,3,False,True,59.125,1600352312.328953,55.812,1600352313.208906,51.687,1600352314.0889444,2.607292652130127
1600352317.1288874,3,False,True,59.312,1600352315.368911,56.062,1600352316.248925,51.937,1600352317.128881,2.646775722503662
1600352320.0889392,3,False,True,59.437,1600352318.3289332,56.25,1600352319.2089286,52.25,1600352320.0889328,2.606405258178711
1600352323.1289685,3,False,True,59.562,1600352321.3689198,56.437,1600352322.2488937,52.562,1600352323.128962,2.645977020263672
1600352326.0888984,3,False,True,59.687,1600352324.3289478,56.625,1600352325.2089162,52.812,1600352326.0888922,2.6054797172546387
1600352329.1288888,3,False,True,59.75,1600352327.3689725,56.812,1600352328.2489212,53.0,1600352329.1288822,2.645016670227051
1600352332.088893,3,False,True,59.812,1600352330.328921,56.937,1600352331.208904,53.187,1600352332.0888865,2.6046009063720703
1600352335.1288745,3,False,True,59.875,1600352333.3689294,57.062,1600352334.2488928,53.437,1600352335.1288679,2.644115447998047
1600352338.0889325,3,False,True,59.875,1600352336.328915,57.125,1600352337.2088866,53.562,1600352338.0889266,2.6037638187408447
1600352341.1286943,3,False,True,59.937,1600352339.3688986,57.187,1600352340.2490406,53.75,1600352341.128689,2.64304518699646
1600352344.0888956,3,False,True,59.875,1600352342.3289168,57.25,1600352343.2089233,53.937,1600352344.088889,2.602851152420044
1600352347.1288722,3,False,True,59.875,1600352345.3689182,57.312,1600352346.2489002,54.062,1600352347.128866,2.642371416091919
1600352350.088909,3,False,True,59.812,1600352348.3290887,57.375,1600352349.2089043,54.25,1600352350.0889032,2.601994752883911
1600352353.12892,3,False,True,59.75,1600352351.3689337,57.437,1600352352.248872,54.312,1600352353.128913,2.6415467262268066
1600352356.088342,3,False,True,59.687,1600352354.3289087,57.437,1600352355.2088916,54.437,1600352356.0883377,2.6004974842071533
1600352359.1289349,3,False,True,59.625,1600352357.3689208,57.437,1600352358.2489529,54.5,1600352359.1289282,2.6406846046447754
1600352362.0889397,3,False,True,59.562,1600352360.3289323,57.437,1600352361.2089314,54.562,1600352362.0889337,2.6002676486968994
1600352365.1289144,3,False,True,59.5,1600352363.3689415,57.375,1600352364.248919,54.625,1600352365.1289084,2.6397740840911865
1600352368.0889409,3,False,True,59.375,1600352366.3289356,57.375,1600352367.2089233,54.687,1600352368.0889347,2.5993707180023193
1600352371.128926,3,False,True,59.25,1600352369.368974,57.312,1600352370.2489078,54.75,1600352371.1289196,2.6388933658599854
1600352374.088941,3,False,True,59.187,1600352372.3289251,57.25,1600352373.2085066,54.75,1600352374.0889347,2.5984857082366943
1600352377.1289086,3,False,True,59.062,1600352375.368927,57.25,1600352376.2489018,54.812,1600352377.1289024,2.637986183166504
1600352380.1689384,3,False,True,58.937,1600352378.408941,57.187,1600352379.2889242,54.812,1600352380.1689322,2.6775875091552734
1600352383.1289406,3,False,True,58.812,1600352381.368962,57.125,1600352382.2489386,54.812,1600352383.1289341,2.6372010707855225
1600352386.08893,3,False,True,58.687,1600352384.328925,57.062,1600352385.2089365,54.812,1600352386.0889232,2.596776247024536
1600352389.1289773,3,False,True,58.562,1600352387.3689303,56.937,1600352388.2489622,54.812,1600352389.1289709,2.636359214782715
1600352392.1688893,3,False,True,58.437,1600352390.4089506,56.875,1600352391.2889247,54.812,1600352392.168883,2.6758458614349365
1600352395.1288972,3,False,True,58.312,1600352393.3689368,56.812,1600352394.2489476,54.812,1600352395.1288915,2.6354568004608154
1600352398.1789756,3,False,True,58.125,1600352396.4089391,56.687,1600352397.2891145,54.75,1600352398.1789694,2.685086965560913
1600352401.1287282,3,False,True,58.0,1600352399.368914,56.625,1600352400.248912,54.75,1600352401.128723,2.6344337463378906
1600352404.168933,3,False,True,57.875,1600352402.4089572,56.5,1600352403.2889383,54.687,1600352404.1689265,2.6742308139801025
1600352407.1289225,3,False,True,57.687,1600352405.3689213,56.375,1600352406.2488997,54.625,1600352407.1289163,2.6338346004486084
1600352410.1689365,3,False,True,57.562,1600352408.4089513,56.312,1600352409.2889252,54.625,1600352410.16893,2.671755075454712
1600352413.128961,3,False,True,57.375,1600352411.36894,56.187,1600352412.2489834,54.562,1600352413.128955,2.631389617919922
1600352416.16913,3,False,True,57.25,1600352414.4089339,56.062,1600352415.2889113,54.5,1600352416.1691225,2.671140670776367
1600352419.1289368,3,False,True,57.125,1600352417.3689559,55.937,1600352418.248949,54.437,1600352419.12893,2.630542039871216
1600352422.169619,3,False,True,56.937,1600352420.4089878,55.812,1600352421.288949,54.375,1600352422.1696134,2.670776605606079
1600352425.1289124,3,False,True,56.812,1600352423.3689513,55.687,1600352424.2489202,54.375,1600352425.128906,2.6296753883361816
1600352428.1689663,3,False,True,56.625,1600352426.4089625,55.562,1600352427.2890372,54.187,1600352428.1689594,2.669288396835327
1600352431.12891,3,False,True,56.5,1600352429.3689651,55.437,1600352430.2489007,54.125,1600352431.1289036,2.6288340091705322
1600352434.1689374,3,False,True,56.312,1600352432.4089303,55.312,1600352433.2889245,54.062,1600352434.168931,2.668428659439087
1600352437.1288714,3,False,True,56.187,1600352435.3689504,55.187,1600352436.2489154,53.937,1600352437.1288648,2.6279654502868652
1600352440.1689398,3,False,True,56.062,1600352438.40895,55.062,1600352439.2889247,53.875,1600352440.1689334,2.667595624923706
1600352443.1289494,3,False,True,55.875,1600352441.368948,54.937,1600352442.2488978,53.812,1600352443.128943,2.6272122859954834
1600352446.1689093,3,False,True,55.687,1600352444.4089546,54.812,1600352445.289048,53.687,1600352446.1689026,2.6654856204986572
1600352449.1290865,3,False,True,55.562,1600352447.3689241,54.687,1600352448.2489731,53.625,1600352449.1290803,2.6252593994140625
1600352452.168903,3,False,True,55.437,1600352450.4089508,54.562,1600352451.2889168,53.5,1600352452.1688967,2.6646385192871094
1600352455.128685,3,False,True,55.312,1600352453.368933,54.437,1600352454.2489545,53.437,1600352455.1286798,2.6239993572235107
1600352458.1689448,3,False,True,55.062,1600352456.4089642,54.25,1600352457.289042,53.312,1600352458.1689382,2.663844347000122
1600352461.1287506,3,False,True,54.937,1600352459.3689418,54.125,1600352460.2489417,53.187,1600352461.128745,2.623224973678589
1600352464.168946,3,False,True,54.812,1600352462.4089134,54.0,1600352463.2889428,53.062,1600352464.1689396,2.6630053520202637
1600352467.1289105,3,False,True,54.625,1600352465.3687084,53.875,1600352466.2489235,53.0,1600352467.1289043,2.6225643157958984
1600352470.1689289,3,False,True,54.5,1600352468.4089313,53.687,1600352469.2889848,52.875,1600352470.1689222,2.6621510982513428
1600352473.1289282,3,False,True,54.312,1600352471.3689282,53.562,1600352472.2588935,52.812,1600352473.1289215,2.6217401027679443
1600352476.1689377,3,False,True,54.187,1600352474.4089377,53.437,1600352475.2889047,52.687,1600352476.1689312,2.6613106727600098
1600352479.1289349,3,False,True,54.0,1600352477.3683093,53.312,1600352478.2489707,52.562,1600352479.1289287,2.6208996772766113
1600352482.1688874,3,False,True,53.875,1600352480.4089434,53.187,1600352481.2889254,52.437,1600352482.168881,2.6604092121124268
1600352485.1289165,3,False,True,53.687,1600352483.368942,53.0,1600352484.248904,52.312,1600352485.1289103,2.620035409927368
1600352488.1689508,3,False,True,53.562,1600352486.4089293,52.875,1600352487.2889566,52.25,1600352488.168944,2.659623861312866
1600352491.1290102,3,False,True,53.437,1600352489.3689635,52.75,1600352490.2489023,52.125,1600352491.1290035,2.619277000427246
1600352494.168959,3,False,True,53.25,1600352492.4089289,52.625,1600352493.2989452,52.0,1600352494.1689522,2.658783197402954
1600352497.12898,3,False,True,53.125,1600352495.3689537,52.5,1600352496.248912,51.875,1600352497.1289732,2.6183981895446777
1600352500.1689246,3,False,True,52.937,1600352498.4089406,52.312,1600352499.2889478,51.75,1600352500.1689184,2.6578986644744873
1600352503.1289678,3,False,True,52.812,1600352501.3689268,52.25,1600352502.2488694,51.625,1600352503.1289613,2.6175339221954346
1600352506.16893,3,False,True,52.687,1600352504.4089193,52.062,1600352505.2889178,51.5,1600352506.1689236,2.6570444107055664
1600352509.1289287,3,False,True,52.5,1600352507.3689184,51.937,1600352508.2489598,51.375,1600352509.1289225,2.6166346073150635
1600352512.1689374,3,False,True,52.375,1600352510.4089253,51.812,1600352511.2889125,51.312,1600352512.1689312,2.6561925411224365
1600352515.1289024,3,False,True,52.25,1600352513.368939,51.687,1600352514.2489407,51.187,1600352515.1288965,2.615753412246704
1600352518.1689467,3,False,True,52.062,1600352516.4089565,51.5,1600352517.2889104,51.062,1600352518.1689403,2.655346155166626
1600352521.1287284,3,False,True,51.937,1600352519.368944,51.375,1600352520.2489145,50.937,1600352521.1287227,2.6146740913391113
1600352524.1689265,3,False,True,51.812,1600352522.40896,51.25,1600352523.288939,50.812,1600352524.1689203,2.654445171356201
1600352527.128907,3,False,True,51.687,1600352525.369007,51.125,1600352526.2489367,50.687,1600352527.1289003,2.6140167713165283
1600352530.1690032,3,False,True,51.5,1600352528.4089708,51.0,1600352529.2889242,50.562,1600352530.168997,2.6536571979522705
1600352533.128945,3,False,True,51.375,1600352531.3690095,50.875,1600352532.2489011,50.437,1600352533.1289387,2.613193988800049
1600352536.1688752,3,False,True,51.25,1600352534.408971,50.75,1600352535.2889082,50.312,1600352536.1688693,2.6526737213134766
1600352539.1289332,3,False,True,51.125,1600352537.3683922,50.625,1600352538.2489572,50.187,1600352539.1289265,2.612318277359009
1600352542.1689277,3,False,True,51.0,1600352540.408957,50.437,1600352541.288906,50.062,1600352542.1689212,2.651850461959839
1600352545.1288464,3,False,True,50.812,1600352543.3690073,50.312,1600352544.2489283,49.937,1600352545.1288404,2.6113569736480713
1600352548.168972,3,False,True,50.687,1600352546.408954,50.25,1600352547.2889035,49.812,1600352548.1689653,2.6510257720947266
1600352551.1289299,3,False,True,50.562,1600352549.3689468,50.062,1600352550.248923,49.687,1600352551.128923,2.610565662384033
1600352554.1690753,3,False,True,50.437,1600352552.4089782,49.937,1600352553.2889369,49.625,1600352554.1690688,2.650250196456909
1600352557.1288955,3,False,True,50.312,1600352555.3689156,49.812,1600352556.2489505,49.5,1600352557.1288893,2.609651803970337
1600352560.1689582,3,False,True,50.187,1600352558.4089825,49.687,1600352559.2889357,49.312,1600352560.1689515,2.6492807865142822
1600352563.1289392,3,False,True,50.0,1600352561.3689332,49.562,1600352562.2489424,49.25,1600352563.1289322,2.6088337898254395
1600352566.1689553,3,False,True,49.875,1600352564.4089966,49.437,1600352565.2889173,49.125,1600352566.1689484,2.648385524749756
1600352569.1289237,3,False,True,49.75,1600352567.3689125,49.312,1600352568.2489438,49.0,1600352569.1289172,2.6079306602478027
1600352572.1689196,3,False,True,49.625,1600352570.4089375,49.187,1600352571.288931,48.937,1600352572.1689136,2.6474595069885254
1600352575.128905,3,False,True,49.5,1600352573.368953,49.062,1600352574.2489178,48.812,1600352575.128899,2.6070239543914795
1600352578.1687298,3,False,True,49.375,1600352576.448975,48.937,1600352577.2889397,48.687,1600352578.168724,2.6463615894317627
1600352581.1287212,3,False,True,49.25,1600352579.3689692,48.812,1600352580.2489164,48.562,1600352581.1287158,2.605924129486084
1600352584.1689312,3,False,True,49.125,1600352582.4089787,48.687,1600352583.288927,48.437,1600352584.168925,2.645702362060547
1600352587.1288865,3,False,True,49.0,1600352585.3689008,48.562,1600352586.2489421,48.312,1600352587.1288805,2.605236768722534
1600352590.1688948,3,False,True,48.875,1600352588.4087505,48.5,1600352589.288935,48.187,1600352590.1688886,2.644782304763794
1600352593.128942,3,False,True,48.75,1600352591.3689213,48.375,1600352592.248909,48.062,1600352593.1289356,2.604409694671631
1600352596.168915,3,False,True,48.625,1600352594.4089534,48.25,1600352595.2889104,48.0,1600352596.1689086,2.6439263820648193
1600352599.1289327,3,False,True,48.5,1600352597.3688984,48.125,1600352598.2483027,47.875,1600352599.128926,2.6035192012786865
1600352602.1688895,3,False,True,48.375,1600352600.4089353,48.0,1600352601.2889082,47.75,1600352602.168883,2.643007278442383
1600352605.1289022,3,False,True,48.25,1600352603.368938,47.875,1600352604.2489383,47.625,1600352605.1288962,2.602602243423462
1600352608.168944,3,False,True,48.125,1600352606.4089453,47.75,1600352607.2890348,47.5,1600352608.1689377,2.642181873321533
1600352611.128937,3,False,True,48.0,1600352609.3689249,47.625,1600352610.2488832,47.375,1600352611.1289306,2.6017534732818604
1600352614.1689334,3,False,True,47.875,1600352612.408897,47.5,1600352613.2889433,47.25,1600352614.1689272,2.6412806510925293
1600352617.1288984,3,False,True,47.75,1600352615.3689203,47.375,1600352616.248906,47.187,1600352617.1288917,2.600820779800415
1600352620.1689298,3,False,True,47.625,1600352618.4089468,47.25,1600352619.2889314,47.062,1600352620.1689236,2.640397310256958
1600352623.1289425,3,False,True,47.5,1600352621.368953,47.187,1600352622.2488935,46.937,1600352623.128936,2.5999839305877686
1600352626.1689117,3,False,True,47.375,1600352624.4089508,47.062,1600352625.288908,46.812,1600352626.1689053,2.6394991874694824
1600352629.2089534,3,False,True,47.25,1600352627.368913,46.937,1600352628.248964,46.687,1600352629.2089467,2.6791138648986816
1600352632.1688893,3,False,True,47.187,1600352630.4089289,46.812,1600352631.288918,46.625,1600352632.1688836,2.6386730670928955
1600352635.128911,3,False,True,47.062,1600352633.3689327,46.687,1600352634.2488692,46.5,1600352635.128905,2.598269462585449
1600352638.1689398,3,False,True,46.937,1600352636.4089262,46.625,1600352637.2890394,46.375,1600352638.1689334,2.637838840484619
1600352641.2888994,3,False,True,46.812,1600352639.448714,46.5,1600352640.4088998,46.312,1600352641.288893,2.7573769092559814
1600352644.1689348,3,False,True,46.687,1600352642.4089446,46.375,1600352643.2889369,46.187,1600352644.1689281,2.6370882987976074
1600352647.2088892,3,False,True,46.562,1600352645.4489381,46.25,1600352646.3289163,46.062,1600352647.2088835,2.6766138076782227
1600352650.168906,3,False,True,46.5,1600352648.4089344,46.187,1600352649.2889473,46.0,1600352650.1688993,2.6362524032592773
1600352653.2089407,3,False,True,46.375,1600352651.448963,46.062,1600352652.3289206,45.875,1600352653.2089343,2.675853967666626
1600352656.168915,3,False,True,46.25,1600352654.4089544,45.937,1600352655.2889075,45.75,1600352656.1689088,2.635446786880493
1600352659.2089517,3,False,True,46.125,1600352657.4489326,45.875,1600352658.3285239,45.687,1600352659.2089455,2.675055980682373
1600352662.1689048,3,False,True,46.062,1600352660.4089205,45.75,1600352661.2889178,45.562,1600352662.1688986,2.6346182823181152
1600352665.2088761,3,False,True,45.937,1600352663.4489365,45.625,1600352664.3289065,45.437,1600352665.2088704,2.6741607189178467
1600352668.1687486,3,False,True,45.812,1600352666.4089339,45.562,1600352667.2890263,45.312,1600352668.168743,2.633625030517578
1600352671.208917,3,False,True,45.75,1600352669.4489338,45.437,1600352670.3287444,45.25,1600352671.208911,2.6733896732330322
1600352674.1689346,3,False,True,45.625,1600352672.4089224,45.312,1600352673.2889214,45.125,1600352674.1689281,2.6330180168151855
1600352677.2089128,3,False,True,45.5,1600352675.4489212,45.25,1600352676.3289113,45.062,1600352677.2089064,2.672569751739502
1600352680.1689029,3,False,True,45.375,1600352678.4089677,45.125,1600352679.2889314,44.937,1600352680.1688964,2.632171869277954
1600352683.2089577,3,False,True,45.312,1600352681.4489355,45.0,1600352682.3289165,44.812,1600352683.2089512,2.6718480587005615
1600352686.1689193,3,False,True,45.187,1600352684.408956,44.937,1600352685.2889235,44.75,1600352686.168913,2.631420612335205
1600352689.208947,3,False,True,45.125,1600352687.448913,44.812,1600352688.3289351,44.625,1600352689.2089405,2.671013593673706
1600352692.168885,3,False,True,45.0,1600352690.4089336,44.75,1600352691.2889237,44.562,1600352692.1688786,2.630563735961914
1600352695.208923,3,False,True,44.937,1600352693.4489412,44.625,1600352694.3289068,44.437,1600352695.2089171,2.670168876647949
1600352698.1687264,3,False,True,44.812,1600352696.408963,44.5,1600352697.289036,44.312,1600352698.1687212,2.629561185836792
1600352701.2089264,3,False,True,44.687,1600352699.4489348,44.437,1600352700.3288813,44.25,1600352701.20892,2.6693508625030518
1600352704.1689165,3,False,True,44.625,1600352702.4089441,44.375,1600352703.288934,44.125,1600352704.1689103,2.6289494037628174
1600352707.2089183,3,False,True,44.5,1600352705.448916,44.25,1600352706.3289669,44.062,1600352707.208912,2.668522834777832
1600352710.1689332,3,False,True,44.437,1600352708.4089475,44.125,1600352709.288948,43.937,1600352710.1689267,2.628143310546875
1600352713.2089446,3,False,True,44.312,1600352711.4489431,44.062,1600352712.3289282,43.875,1600352713.2089376,2.667719602584839
1600352716.1689365,3,False,True,44.25,1600352714.408937,43.937,1600352715.2889116,43.75,1600352716.1689305,2.627316474914551
1600352719.2082915,3,False,True,44.125,1600352717.4489233,43.875,1600352718.3289454,43.687,1600352719.2082884,2.6661672592163086
1600352722.2489252,3,False,True,44.0,1600352720.4089262,43.75,1600352721.3685083,43.562,1600352722.248918,2.7064762115478516
1600352725.2089195,3,False,True,43.937,1600352723.4489527,43.687,1600352724.328927,43.5,1600352725.2089126,2.666118621826172
1600352728.1690125,3,False,True,43.875,1600352726.408961,43.562,1600352727.2889185,43.375,1600352728.1690054,2.6258177757263184
1600352731.208874,3,False,True,43.75,1600352729.448917,43.5,1600352730.3288963,43.312,1600352731.2088675,2.6652424335479736
1600352734.248901,3,False,True,43.687,1600352732.4889154,43.375,1600352733.368922,43.25,1600352734.2488945,2.704880714416504
1600352737.2088835,3,False,True,43.562,1600352735.4489188,43.312,1600352736.3289216,43.125,1600352737.2088776,2.664510488510132
1600352740.1688926,3,False,True,43.5,1600352738.4089327,43.187,1600352739.2889106,43.062,1600352740.168887,2.624131679534912
1600352743.2089615,3,False,True,43.375,1600352741.4489324,43.125,1600352742.3288746,43.0,1600352743.2089553,2.6637678146362305
1600352746.1689186,3,False,True,43.25,1600352744.408923,43.0,1600352745.2888758,42.875,1600352746.1689124,2.623328447341919
1600352749.2089038,3,False,True,43.187,1600352747.448909,42.937,1600352748.3289135,42.75,1600352749.208898,2.6628758907318115
1600352752.168472,3,False,True,43.125,1600352750.4089096,42.812,1600352751.2889082,42.687,1600352752.1684682,2.6220014095306396
1600352755.2088866,3,False,True,43.0,1600352753.448929,42.75,1600352754.3288934,42.625,1600352755.2088804,2.662027597427368
1600352758.1689148,3,False,True,42.937,1600352756.4089313,42.687,1600352757.28891,42.5,1600352758.1689084,2.6216673851013184
1600352761.2089303,3,False,True,42.812,1600352759.4489174,42.562,1600352760.328894,42.437,1600352761.2089238,2.661238431930542
1600352764.168906,3,False,True,42.75,1600352762.4084847,42.5,1600352763.2987063,42.375,1600352764.1688998,2.620818853378296
1600352767.2088766,3,False,True,42.687,1600352765.4489098,42.437,1600352766.3288996,42.25,1600352767.2088706,2.6603550910949707
1600352770.1688886,3,False,True,42.562,1600352768.4087214,42.312,1600352769.2889032,42.187,1600352770.1688826,2.619971990585327
1600352773.208929,3,False,True,42.5,1600352771.448918,42.25,1600352772.3288805,42.125,1600352773.2089224,2.6595728397369385
1600352776.168896,3,False,True,42.375,1600352774.408927,42.125,1600352775.288894,42.0,1600352776.16889,2.619135856628418
1600352779.2087135,3,False,True,42.312,1600352777.448913,42.062,1600352778.32873,41.937,1600352779.20871,2.6584701538085938
1600352782.1688876,3,False,True,42.25,1600352780.4089255,42.0,1600352781.2889118,41.812,1600352782.168881,2.6183106899261475
1600352785.2088814,3,False,True,42.125,1600352783.4489572,41.937,1600352784.328894,41.75,1600352785.2088754,2.6578636169433594
1600352788.16891,3,False,True,42.062,1600352786.4089255,41.812,1600352787.2888956,41.687,1600352788.1689038,2.6174960136413574
1600352791.208918,3,False,True,42.0,1600352789.4489248,41.75,1600352790.3288894,41.625,1600352791.208912,2.6570513248443604
1600352794.1690474,3,False,True,41.937,1600352792.4089088,41.687,1600352793.2889624,41.562,1600352794.169041,2.6167821884155273
1600352797.208884,3,False,True,41.812,1600352795.4489033,41.562,1600352796.3288975,41.437,1600352797.208878,2.6561853885650635
1600352800.1689088,3,False,True,41.75,1600352798.418863,41.5,1600352799.2888956,41.375,1600352800.1689026,2.615809917449951
1600352803.2089057,3,False,True,41.687,1600352801.4489307,41.375,1600352802.3288848,41.312,1600352803.2088995,2.6553616523742676
1600352806.1689036,3,False,True,41.562,1600352804.4089072,41.375,1600352805.2888987,41.25,1600352806.1688974,2.614946126937866
1600352809.2088916,3,False,True,41.5,1600352807.4489129,41.25,1600352808.3287308,41.125,1600352809.2088854,2.654496192932129
1600352812.1688921,3,False,True,41.437,1600352810.408903,41.187,1600352811.288901,41.062,1600352812.168886,2.6140904426574707
1600352815.288902,3,False,True,41.375,1600352813.489313,41.062,1600352814.4089122,40.937,1600352815.2888958,2.733656644821167
1600352818.1689053,3,False,True,41.25,1600352816.4089274,41.062,1600352817.2887137,40.875,1600352818.168899,2.613340377807617
1600352821.2089403,3,False,True,41.187,1600352819.4489346,40.937,1600352820.3288891,40.812,1600352821.2089338,2.6529152393341064
1600352824.1689396,3,False,True,41.125,1600352822.4089267,40.875,1600352823.2889156,40.75,1600352824.1689334,2.6125051975250244
1600352827.2088957,3,False,True,41.0,1600352825.4489157,40.75,1600352826.328927,40.625,1600352827.2088892,2.6520090103149414
1600352830.1689,3,False,True,40.937,1600352828.4187963,40.687,1600352829.2889266,40.562,1600352830.1688938,2.611603021621704
1600352833.2089188,3,False,True,40.875,1600352831.448936,40.625,1600352832.3289847,40.5,1600352833.2089121,2.651167869567871
1600352836.1689162,3,False,True,40.812,1600352834.4089231,40.562,1600352835.2888997,40.437,1600352836.1689098,2.610718250274658
1600352839.2089264,3,False,True,40.75,1600352837.4489186,40.5,1600352838.329001,40.312,1600352839.2089202,2.650271415710449
1600352842.1689053,3,False,True,40.625,1600352840.4085083,40.437,1600352841.2889194,40.25,1600352842.1688988,2.6098289489746094
1600352845.2088883,3,False,True,40.562,1600352843.4489462,40.312,1600352844.3284879,40.187,1600352845.208882,2.649348735809326
1600352848.168926,3,False,True,40.5,1600352846.4089348,40.25,1600352847.2888992,40.125,1600352848.1689198,2.6089751720428467
1600352851.208909,3,False,True,40.375,1600352849.4489377,40.187,1600352850.3290384,40.062,1600352851.2089028,2.6484932899475098
1600352854.1690617,3,False,True,40.312,1600352852.4089055,40.125,1600352853.2889175,40.0,1600352854.1690552,2.6082234382629395
1600352857.2088923,3,False,True,40.25,1600352855.448913,40.062,1600352856.328913,39.875,1600352857.208886,2.647500514984131
1600352860.168902,3,False,True,40.187,1600352858.408941,40.0,1600352859.288921,39.812,1600352860.1688955,2.6070942878723145
1600352863.2089372,3,False,True,40.125,1600352861.4489348,39.875,1600352862.3289373,39.75,1600352863.208931,2.6466705799102783
1600352866.1689138,3,False,True,40.062,1600352864.408931,39.812,1600352865.2889109,39.687,1600352866.1689072,2.6062240600585938
1600352869.208927,3,False,True,40.0,1600352867.4488952,39.75,1600352868.328919,39.625,1600352869.2089207,2.6457748413085938
1600352872.1688988,3,False,True,39.937,1600352870.4089162,39.687,1600352871.2889132,39.562,1600352872.1688926,2.605330467224121
1600352875.2088892,3,False,True,39.812,1600352873.4489353,39.625,1600352874.32892,39.437,1600352875.2088826,2.6448731422424316
1600352878.168927,3,False,True,39.75,1600352876.408938,39.562,1600352877.2889013,39.375,1600352878.1689203,2.6044952869415283
1600352881.208938,3,False,True,39.687,1600352879.4489331,39.5,1600352880.328892,39.312,1600352881.2089307,2.644052028656006
1600352884.1689305,3,False,True,39.625,1600352882.408908,39.437,1600352883.288922,39.25,1600352884.168924,2.603624105453491
1600352887.2088938,3,False,True,39.562,1600352885.4489079,39.375,1600352886.3289204,39.187,1600352887.2088878,2.6431360244750977
1600352890.1689205,3,False,True,39.25,1600352888.4089398,38.312,1600352889.2889333,38.812,1600352890.1689138,2.602750301361084
1600352893.2089252,3,False,True,38.437,1600352891.4489162,37.187,1600352892.3288932,38.125,1600352893.2089188,2.6423003673553467
1600352896.1689193,3,False,True,37.562,1600352894.408926,36.312,1600352895.2888904,37.375,1600352896.1689131,2.601732015609741
1600352899.2089343,3,False,True,36.687,1600352897.4489086,35.812,1600352898.3289154,36.75,1600352899.208928,2.6412901878356934
1600352902.1688929,3,False,True,35.875,1600352900.408704,35.25,1600352901.2889361,36.187,1600352902.1688864,2.600832223892212
1600352905.2088969,3,False,True,35.062,1600352903.4489334,34.625,1600352904.328924,35.562,1600352905.2088904,2.6403775215148926
1600352908.248933,3,False,True,34.25,1600352906.4889364,34.125,1600352907.3688836,34.937,1600352908.2489264,2.6799914836883545
1600352911.2089133,3,False,True,33.562,1600352909.448939,33.5,1600352910.3290288,34.312,1600352911.2089074,2.6395885944366455
1600352914.1689332,3,False,True,33.0,1600352912.4089081,33.062,1600352913.2889204,33.812,1600352914.1689267,2.59918475151062
1600352917.2088652,3,False,True,32.375,1600352915.4489062,32.562,1600352916.3289113,33.187,1600352917.208859,2.6386570930480957
1600352920.1689084,3,False,True,31.875,1600352918.4090738,32.125,1600352919.2889395,32.687,1600352920.1689017,2.5982842445373535
1600352923.2089248,3,False,True,31.437,1600352921.4489386,31.625,1600352922.328897,32.187,1600352923.2089183,2.6378414630889893
1600352926.2489185,3,False,True,31.062,1600352924.4889266,31.187,1600352925.3689055,31.75,1600352926.2489119,2.676811456680298
1600352929.2089283,3,False,True,30.625,1600352927.4489133,30.812,1600352928.328918,31.312,1600352929.208922,2.636436700820923
1600352932.2488873,3,False,True,30.312,1600352930.4889255,30.375,1600352931.36893,30.875,1600352932.2488809,2.675969123840332
1600352935.2088976,3,False,True,29.937,1600352933.448926,30.25,1600352934.328923,30.5,1600352935.2088912,2.6356008052825928
1600352938.2489805,3,False,True,29.687,1600352936.4889288,30.25,1600352937.3688986,30.125,1600352938.2489738,2.6752634048461914
1600352941.2089257,3,False,True,29.375,1600352939.448938,30.062,1600352940.3288903,29.75,1600352941.2089195,2.6348140239715576
1600352944.248937,3,False,True,29.062,1600352942.4889169,29.687,1600352943.368976,29.437,1600352944.2489305,2.6743991374969482
1600352947.2089186,3,False,True,28.75,1600352945.4489195,29.375,1600352946.328908,29.125,1600352947.2089126,2.6339948177337646
1600352950.2489223,3,False,True,28.562,1600352948.4889169,29.062,1600352949.3689616,28.812,1600352950.248916,2.6735658645629883
1600352953.208904,3,False,True,28.312,1600352951.4489508,28.812,1600352952.3289042,28.562,1600352953.208898,2.6331586837768555
1600352956.2489378,3,False,True,28.062,1600352954.488936,28.562,1600352955.368903,28.312,1600352956.2489314,2.67276668548584
1600352959.2889607,3,False,True,27.812,1600352957.4489472,28.312,1600352958.4089496,28.062,1600352959.2889547,2.7123916149139404
1600352962.2489305,3,False,True,27.625,1600352960.4891315,28.062,1600352961.3687294,27.875,1600352962.2489243,2.672011375427246
1600352965.2088902,3,False,True,27.437,1600352963.448966,27.812,1600352964.3289337,27.625,1600352965.2088833,2.6317813396453857
1600352968.2489393,3,False,True,27.312,1600352966.488933,27.625,1600352967.3688931,27.437,1600352968.2489333,2.6713950634002686
1600352971.208923,3,False,True,27.125,1600352969.448932,27.437,1600352970.3289075,27.25,1600352971.2089167,2.6309871673583984
1600352974.2489312,3,False,True,27.0,1600352972.4889417,27.187,1600352973.3689184,27.125,1600352974.2489247,2.6705620288848877
1600352977.208896,3,False,True,26.875,1600352975.448917,27.062,1600352976.3289328,26.937,1600352977.2088892,2.630131244659424
1600352980.2489128,3,False,True,26.687,1600352978.488961,26.937,1600352979.3689682,26.75,1600352980.2489066,2.6697192192077637
1600352983.2089727,3,False,True,26.562,1600352981.4489324,26.75,1600352982.3289232,26.625,1600352983.2089663,2.6293866634368896
1600352986.248925,3,False,True,26.5,1600352984.4889345,26.625,1600352985.368919,26.5,1600352986.2489185,2.6689069271087646
1600352989.2089586,3,False,True,26.437,1600352987.448905,26.5,1600352988.328489,26.375,1600352989.208952,2.628533363342285
1600352992.248907,3,False,True,26.312,1600352990.4889202,26.437,1600352991.3689365,26.25,1600352992.2489007,2.6680450439453125
1600352995.2089157,3,False,True,26.187,1600352993.4489298,26.312,1600352994.3289247,26.187,1600352995.2089095,2.6276614665985107
1600352998.2489429,3,False,True,26.062,1600352996.488938,26.125,1600352997.3688955,26.125,1600352998.2489362,2.667255401611328
1600353001.2089202,3,False,True,25.937,1600352999.4489298,26.062,1600353000.32892,26.062,1600353001.2089145,2.6268486976623535
1600353004.2489192,3,False,True,25.812,1600353002.488944,25.875,1600353003.3689237,26.0,1600353004.2489123,2.666410207748413
1600353007.2088943,3,False,True,25.812,1600353005.448915,25.875,1600353006.3289368,25.937,1600353007.2088876,2.62599515914917
1600353010.2489288,3,False,True,25.75,1600353008.4889739,25.812,1600353009.368945,25.875,1600353010.248922,2.665592908859253
1600353013.2089305,3,False,True,25.687,1600353011.4489677,25.687,1600353012.3289425,25.812,1600353013.208924,2.6251959800720215
1600353016.2489305,3,False,True,25.562,1600353014.4889605,25.625,1600353015.368896,25.75,1600353016.2489243,2.6647560596466064
1600353019.2089422,3,False,True,25.562,1600353017.448944,25.562,1600353018.3289235,25.75,1600353019.208936,2.6243441104888916
1600353022.2489636,3,False,True,25.562,1600353020.4889493,25.625,1600353021.36834,25.75,1600353022.248957,2.663926124572754
1600353025.208885,3,False,True,25.625,1600353023.4489648,25.625,1600353024.3289344,25.75,1600353025.2088788,2.6234498023986816
1600353028.2489173,3,False,True,25.687,1600353026.4889362,25.687,1600353027.3689058,25.812,1600353028.248911,2.66304349899292
1600353031.2089434,3,False,True,25.75,1600353029.4489386,25.75,1600353030.328895,25.812,1600353031.208937,2.6226754188537598
1600353034.2489476,3,False,True,25.812,1600353032.488919,25.812,1600353033.368914,25.812,1600353034.2489407,2.6622371673583984
1600353037.208886,3,False,True,25.875,1600353035.4489465,25.875,1600353036.3289208,25.812,1600353037.20888,2.621774673461914
1600353040.3289266,3,False,True,25.937,1600353038.4889383,25.937,1600353039.3689675,25.875,1600353040.32892,2.7413735389709473
1600353043.20894,3,False,True,26.0,1600353041.4489255,26.0,1600353042.3288727,25.937,1600353043.2089338,2.621072769165039
1600353046.2489111,3,False,True,26.062,1600353044.4889402,26.062,1600353045.3689036,25.937,1600353046.2489045,2.6605987548828125
1600353049.208957,3,False,True,26.125,1600353047.4489138,26.125,1600353048.3289342,26.0,1600353049.20895,2.6202433109283447
1600353052.2488866,3,False,True,26.187,1600353050.4889092,26.187,1600353051.3689268,26.0,1600353052.2488801,2.6597366333007812
1600353055.2089171,3,False,True,26.25,1600353053.4489305,26.187,1600353054.32895,26.062,1600353055.208911,2.6193597316741943
1600353058.2489312,3,False,True,26.312,1600353056.4889283,26.25,1600353057.3689258,26.062,1600353058.248925,2.6589324474334717
1600353061.2089217,3,False,True,26.312,1600353059.4489727,26.312,1600353060.3289073,26.125,1600353061.2089145,2.6185216903686523
1600353064.2489672,3,False,True,26.375,1600353062.4889038,26.312,1600353063.3689442,26.187,1600353064.2489605,2.6581194400787354
1600353067.2089055,3,True,True,26.437,1600353065.4489167,26.375,1600353066.3289287,26.187,1600353067.2088995,2.6176416873931885
1600353070.2484841,3,True,True,26.5,1600353068.4889512,26.437,1600353069.3689435,26.187,1600353070.2484798,2.656743288040161
1600353073.2089262,3,True,True,26.562,1600353071.448931,26.5,1600353072.3289318,26.25,1600353073.2089202,2.6168265342712402
1600353076.2489057,3,True,True,26.687,1600353074.4889607,26.625,1600353075.3689103,26.312,1600353076.2488992,2.6563634872436523
1600353079.2090738,3,True,True,26.812,1600353077.4489267,26.75,1600353078.328943,26.437,1600353079.2090678,2.6161227226257324
1600353082.248349,3,True,True,27.0,1600353080.4884813,26.937,1600353081.3689477,26.5,1600353082.2483444,2.654911994934082
1600353085.2089186,3,True,True,27.25,1600353083.4489224,27.125,1600353084.3289177,26.625,1600353085.2089124,2.6151275634765625
1600353088.248933,3,True,True,27.562,1600353086.4889195,27.375,1600353087.3689203,26.75,1600353088.2489262,2.6546943187713623
1600353091.2089362,3,True,True,27.875,1600353089.4489362,27.687,1600353090.3288898,26.937,1600353091.2089298,2.6142923831939697
1600353094.2489316,3,True,True,28.187,1600353092.4889078,28.0,1600353093.3689356,27.125,1600353094.248925,2.6538352966308594
1600353097.2088957,3,True,True,28.562,1600353095.4489133,28.312,1600353096.3289244,27.312,1600353097.20889,2.6133902072906494
1600353100.2489128,3,True,True,29.0,1600353098.4889562,28.687,1600353099.3689463,27.562,1600353100.2489069,2.652959108352661
1600353103.2089262,3,True,True,29.375,1600353101.448931,29.062,1600353102.3289273,27.812,1600353103.2089202,2.6125600337982178
1600353106.2488592,3,True,True,29.875,1600353104.4889781,29.437,1600353105.3689046,28.0,1600353106.248853,2.6520485877990723
1600353109.2089481,3,True,True,30.312,1600353107.4489217,29.875,1600353108.3289318,28.312,1600353109.2089424,2.611722469329834
1600353112.2488954,3,True,True,30.812,1600353110.4889393,30.312,1600353111.368919,28.625,1600353112.2488894,2.6512203216552734
1600353115.208898,3,True,True,31.375,1600353113.4489295,30.687,1600353114.3289623,28.937,1600353115.208892,2.610811710357666
1600353118.2489123,3,True,True,31.937,1600353116.4891243,31.187,1600353117.3689086,29.25,1600353118.248906,2.6503713130950928
1600353121.208916,3,True,True,32.437,1600353119.4489486,31.687,1600353120.3289444,29.562,1600353121.2089095,2.6099610328674316
1600353124.2489507,3,True,True,33.0,1600353122.48893,32.125,1600353123.3689277,29.937,1600353124.248944,2.6495399475097656
1600353127.208915,3,True,True,33.562,1600353125.4489157,32.562,1600353126.3289013,30.312,1600353127.2089088,2.609095335006714
1600353130.2489293,3,True,True,34.187,1600353128.488933,33.0,1600353129.3689334,30.687,1600353130.2489228,2.6486592292785645
1600353133.2089021,3,True,True,34.812,1600353131.4489563,33.562,1600353132.3289044,31.062,1600353133.208896,2.608222007751465
1600353136.2489357,3,True,True,35.375,1600353134.4889457,34.125,1600353135.368893,31.5,1600353136.2489293,2.6477975845336914
1600353139.2188554,3,True,True,35.937,1600353137.4489753,34.687,1600353138.3289208,31.875,1600353139.2188487,2.6173033714294434
1600353142.248425,3,True,True,36.562,1600353140.4889185,35.187,1600353141.3689427,32.25,1600353142.248422,2.646383047103882
1600353145.2089033,3,True,True,37.187,1600353143.4489276,35.812,1600353144.3289547,32.687,1600353145.208897,2.6065094470977783
1600353148.248923,3,True,True,37.812,1600353146.489106,36.312,1600353147.3689113,33.125,1600353148.2489166,2.6460769176483154
1600353151.2089176,3,True,True,38.437,1600353149.448939,36.875,1600353150.3288937,33.625,1600353151.2089117,2.6056582927703857
1600353154.248744,3,True,True,39.062,1600353152.4889195,37.375,1600353153.368912,34.062,1600353154.2487385,2.644998073577881
1600353157.2088804,3,True,True,39.625,1600353155.4489524,37.875,1600353156.328913,34.5,1600353157.2088742,2.604740858078003
1600353160.248923,3,True,True,40.312,1600353158.4889374,38.375,1600353159.3689263,34.937,1600353160.248917,2.6443254947662354
1600353163.2889216,3,True,True,40.875,1600353161.4489493,38.937,1600353162.3985565,35.437,1600353163.2889156,2.6839096546173096
1600353166.2489052,3,True,True,41.5,1600353164.4889605,39.5,1600353165.3689137,35.875,1600353166.2488987,2.64351224899292
1600353169.2091272,3,False,True,42.125,1600353167.4489257,40.125,1600353168.3289108,36.375,1600353169.209121,2.6033055782318115
1600353172.2488773,3,False,True,42.687,1600353170.4889367,40.687,1600353171.3689172,36.812,1600353172.248871,2.64260196685791
1600353175.208951,3,False,True,43.312,1600353173.4489343,41.25,1600353174.3289545,37.25,1600353175.2089448,2.6022706031799316
1600353178.248909,3,False,True,43.812,1600353176.48896,41.687,1600353177.368911,37.75,1600353178.2489026,2.6417648792266846
1600353181.2089434,3,False,True,44.312,1600353179.4489803,42.187,1600353180.328924,38.187,1600353181.2089372,2.601379632949829
1600353184.2489843,3,False,True,44.812,1600353182.4889073,42.625,1600353183.3689368,38.625,1600353184.248978,2.6409566402435303
1600353187.2088954,3,False,True,45.25,1600353185.4489172,43.062,1600353186.3289113,39.0,1600353187.2088888,2.6004440784454346
1600353190.24897,3,False,True,45.625,1600353188.488937,43.437,1600353189.3689651,39.437,1600353190.2489634,2.6400551795959473
1600353193.2089489,3,False,True,45.937,1600353191.44893,43.75,1600353192.3288815,39.75,1600353193.2089424,2.599608898162842
1600353196.2489161,3,False,True,46.312,1600353194.488965,44.062,1600353195.3689058,40.125,1600353196.2489102,2.6391170024871826
1600353199.2089221,3,False,True,46.562,1600353197.448907,44.375,1600353198.3289323,40.5,1600353199.2089155,2.598693370819092
1600353202.2488933,3,False,True,46.812,1600353200.488949,44.625,1600353201.3689113,40.875,1600353202.2488868,2.638193130493164
1600353205.208918,3,False,True,47.062,1600353203.4487293,44.875,1600353204.3289354,41.187,1600353205.2089117,2.5978057384490967
1600353208.2489316,3,False,True,47.25,1600353206.4889247,45.062,1600353207.3689356,41.5,1600353208.2489252,2.6373555660247803
1600353211.2889276,3,False,True,47.437,1600353209.5289526,45.312,1600353210.4089086,41.75,1600353211.2889216,2.6769261360168457
1600353214.2489583,3,False,True,47.562,1600353212.4889145,45.5,1600353213.378946,42.062,1600353214.2489522,2.636573314666748
1600353217.2889159,3,False,True,47.687,1600353215.5289316,45.687,1600353216.4089446,42.312,1600353217.2889097,2.676086187362671
1600353220.2489438,3,False,True,47.812,1600353218.4898765,45.812,1600353219.368729,42.5,1600353220.2489378,2.635723114013672
1600353223.2889526,3,False,True,47.875,1600353221.5289493,46.0,1600353222.4089172,42.5,1600353223.2889457,2.6752288341522217
1600353226.2489614,3,False,True,47.937,1600353224.4889538,46.125,1600353225.4087608,42.937,1600353226.2489548,2.6348445415496826
1600353229.2986152,3,False,True,48.0,1600353227.568926,46.187,1600353228.4487703,43.125,1600353229.2986083,2.6840696334838867
1600353232.2489386,3,False,True,48.0,1600353230.488927,46.25,1600353231.368952,43.312,1600353232.2489321,2.6339964866638184
1600353235.2889123,3,False,True,48.062,1600353233.5289435,46.312,1600353234.4089656,43.5,1600353235.288906,2.6735317707061768
1600353238.24892,3,False,True,48.062,1600353236.488956,46.375,1600353237.368897,43.625,1600353238.2489138,2.6331498622894287
1600353241.2889028,3,False,True,48.062,1600353239.5288293,46.437,1600353240.4089024,43.75,1600353241.2888966,2.672703504562378
1600353244.2487147,3,False,True,48.125,1600353242.4889436,46.437,1600353243.3689618,43.875,1600353244.2487097,2.6321005821228027
1600353247.2890153,3,False,True,48.125,1600353245.528917,46.5,1600353246.4089427,44.0,1600353247.289009,2.6719913482666016
1600353250.248926,3,False,True,48.062,1600353248.4890034,46.562,1600353249.3691285,44.125,1600353250.2489197,2.6315155029296875
1600353253.288936,3,False,True,48.062,1600353251.528969,46.562,1600353252.4088652,44.187,1600353253.2889297,2.6710846424102783
1600353256.2489054,3,False,True,48.0,1600353254.5285149,46.562,1600353255.3688998,44.25,1600353256.2488997,2.630664110183716
1600353259.2888968,3,False,True,47.937,1600353257.5289428,46.562,1600353258.4089193,44.375,1600353259.2888906,2.6702182292938232
1600353262.2488809,3,False,True,47.875,1600353260.4889076,46.562,1600353261.3689122,44.375,1600353262.2488747,2.629807233810425
1600353265.2888832,3,False,True,47.812,1600353263.528293,46.562,1600353264.4089317,44.437,1600353265.2888768,2.6693849563598633
1600353268.2489305,3,False,True,47.812,1600353266.4889297,46.5,1600353267.3688824,44.5,1600353268.2489245,2.629037857055664
1600353271.2889142,3,False,True,47.75,1600353269.5288703,46.5,1600353270.4088843,44.562,1600353271.288908,2.668590784072876
1600353274.2488992,3,False,True,47.625,1600353272.4889,46.5,1600353273.368935,44.625,1600353274.2488937,2.6281776428222656
1600353277.2888768,3,False,True,47.562,1600353275.528909,46.437,1600353276.4089062,44.625,1600353277.288871,2.6677160263061523
1600353280.248927,3,False,True,47.5,1600353278.4889417,46.375,1600353279.3688974,44.687,1600353280.2489214,2.62737774848938
1600353283.2889295,3,False,True,47.437,1600353281.528934,46.312,1600353282.4089358,44.687,1600353283.288923,2.6669507026672363
1600353286.2489052,3,False,True,47.375,1600353284.4889436,46.312,1600353285.3686864,44.687,1600353286.2488987,2.6265385150909424
1600353289.2888913,3,False,True,47.312,1600353287.528896,46.25,1600353288.4089298,44.687,1600353289.2888854,2.666086196899414
1600353292.2488844,3,False,True,47.187,1600353290.4889004,46.187,1600353291.3689075,44.687,1600353292.2488782,2.625680923461914
1600353295.2889113,3,False,True,47.125,1600353293.5289507,46.125,1600353294.40889,44.687,1600353295.288905,2.6652779579162598
1600353298.2489345,3,False,True,47.0,1600353296.4889145,46.062,1600353297.368885,44.687,1600353298.2489285,2.624905586242676
1600353301.2889118,3,False,True,46.937,1600353299.5288062,46.0,1600353300.4088986,44.687,1600353301.2889056,2.66444993019104
1600353304.2488954,3,False,True,46.562,1600353302.488914,44.687,1600353303.3689208,44.125,1600353304.2488897,2.624039888381958
1600353307.2888918,3,False,True,45.25,1600353305.5289009,43.0,1600353306.40889,43.187,1600353307.2888858,2.663593053817749
1600353310.2489095,3,False,True,43.812,1600353308.4889438,41.437,1600353309.3688898,42.312,1600353310.2489035,2.623215675354004
1600353313.2889352,3,False,True,42.562,1600353311.5289202,40.125,1600353312.4089093,41.437,1600353313.2889283,2.662808418273926
1600353316.248911,3,False,True,41.375,1600353314.4889152,39.0,1600353315.3689053,40.687,1600353316.2489047,2.62239146232605
1600353319.2889073,3,False,True,40.125,1600353317.5289145,37.875,1600353318.408934,39.875,1600353319.288901,2.6619410514831543
1600353322.248883,3,False,True,38.937,1600353320.488911,36.937,1600353321.3688989,39.062,1600353322.2488766,2.6215176582336426
1600353325.2889225,3,False,True,37.812,1600353323.528761,36.937,1600353324.4089327,38.25,1600353325.288916,2.661123037338257
1600353328.2489266,3,False,True,36.812,1600353326.4889302,35.375,1600353327.368879,37.562,1600353328.2489202,2.6207263469696045
1600353331.2889056,3,False,True,35.937,1600353329.5289285,34.75,1600353330.4089162,36.812,1600353331.2889,2.6602706909179688
1600353334.2489107,3,False,True,35.062,1600353332.488899,34.0,1600353333.36893,36.125,1600353334.2489045,2.6198718547821045
1600353337.2888818,3,False,True,34.312,1600353335.528909,33.437,1600353336.4086294,35.437,1600353337.2888758,2.6593966484069824
1600353340.2489252,3,False,True,33.562,1600353338.4889493,32.875,1600353339.3688927,34.875,1600353340.2489185,2.6190428733825684
1600353343.2889462,3,False,True,32.875,1600353341.5289242,32.25,1600353342.4088778,34.25,1600353343.28894,2.6586246490478516
1600353346.2489161,3,False,True,32.312,1600353344.4889026,31.75,1600353345.368914,33.75,1600353346.2489102,2.618199348449707
1600353349.288902,3,False,True,31.625,1600353347.5288982,31.25,1600353348.4089303,33.25,1600353349.2888966,2.657752752304077
1600353352.2488792,3,False,True,31.125,1600353350.4889247,30.812,1600353351.3689075,32.75,1600353352.248873,2.617321014404297
1600353355.2889185,3,False,True,30.625,1600353353.5289485,30.437,1600353354.4088976,32.312,1600353355.2889118,2.6569199562072754
1600353358.2489374,3,False,True,30.187,1600353356.4889326,30.062,1600353357.3688846,31.875,1600353358.248931,2.616536855697632
1600353361.2888951,3,False,True,29.75,1600353359.528909,29.687,1600353360.4089022,31.437,1600353361.288889,2.656053304672241
1600353364.2489188,3,False,True,29.375,1600353362.488902,29.312,1600353363.3689418,31.062,1600353364.2489123,2.6156668663024902
1600353367.2886708,3,False,True,29.0,1600353365.528909,29.0,1600353366.4088898,30.687,1600353367.2886653,2.6549465656280518
1600353370.248927,3,False,True,28.687,1600353368.4889472,28.75,1600353369.3688896,30.312,1600353370.2489207,2.614821434020996
1600353373.2889287,3,False,True,28.375,1600353371.5289285,28.375,1600353372.4088912,30.0,1600353373.2889225,2.6543779373168945
1600353376.2489145,3,False,True,28.125,1600353374.4889176,28.125,1600353375.368915,29.687,1600353376.2489088,2.613956928253174
1600353379.2888923,3,False,True,28.062,1600353377.5287027,27.812,1600353378.40892,29.437,1600353379.2888858,2.6534836292266846
1600353382.2488902,3,False,True,27.875,1600353380.4889302,27.562,1600353381.3688946,29.125,1600353382.2488842,2.61307430267334
1600353385.2889304,3,False,True,27.75,1600353383.528935,27.312,1600353384.408383,28.875,1600353385.288924,2.652674913406372
1600353388.2489386,3,False,True,27.812,1600353386.4889286,27.062,1600353387.3688831,28.625,1600353388.2489324,2.61226749420166
1600353391.2889023,3,False,True,27.812,1600353389.5289202,26.875,1600353390.4089131,28.437,1600353391.2888966,2.6517844200134277
1600353394.2489054,3,False,True,27.687,1600353392.4889107,26.687,1600353393.3689306,28.187,1600353394.248899,2.611382246017456
1600353397.288881,3,False,True,27.562,1600353395.5289278,26.5,1600353396.4089143,28.0,1600353397.2888749,2.6509063243865967
1600353400.2489352,3,False,True,27.5,1600353398.4889345,26.375,1600353399.368893,27.812,1600353400.2489288,2.6105544567108154
1600353403.2889419,3,False,True,27.375,1600353401.5289266,26.25,1600353402.4088666,27.625,1600353403.2889354,2.6501102447509766
