time,t1,time_t1,t2,time_t2,t3,time_t3,average_temperature,heater_on,fan_on,execution_interval,elapsed
1611326938720290000,21.312,1611326936960770000,25,1611326937840280000,24.812,1611326938720290000,24.906,False,False,3,2.61768055
1611326941760290000,21.312,1611326940000310000,25,1611326940880730000,24.875,1611326941760290000,24.9375,False,False,3,2.657221794
1611326944720280000,21.312,1611326942960290000,25,1611326943840300000,24.812,1611326944720280000,24.906,False,False,3,2.616797924
1611326947760260000,21.312,1611326946000330000,25,1611326946880260000,24.812,1611326947760260000,24.906,False,False,3,2.656321526
1611326950720280000,21.312,1611326948960360000,25,1611326949840270000,24.812,1611326950720280000,24.906,True,True,3,2.615920067
1611326953840060000,21.312,1611326952000340000,25.062,1611326952880280000,24.812,1611326953840060000,24.937,True,True,3,2.735245466
1611326956720270000,21.312,1611326954960280000,25.187,1611326955840280000,24.875,1611326956720270000,25.031,True,True,3,2.615137577
1611326959800070000,21.312,1611326958000310000,25.375,1611326958880290000,24.937,1611326959800070000,25.156,True,True,3,2.694466829
1611326962720270000,21.312,1611326960960280000,25.687,1611326961840270000,25,1611326962720270000,25.3435,True,True,3,2.614302158
1611326965840270000,21.312,1611326964000330000,26,1611326964960260000,25.125,1611326965840270000,25.5625,True,True,3,2.733846188
1611326968720580000,21.312,1611326966960280000,26.375,1611326967840300000,25.25,1611326968720580000,25.8125,True,True,3,2.613821983
1611326971760270000,21.312,1611326970000300000,26.75,1611326970880270000,25.437,1611326971760270000,26.0935,False,True,3,2.653044462
1611326974720280000,21.312,1611326972960290000,27.187,1611326973840290000,25.625,1611326974720280000,26.406,False,True,3,2.612652302
1611326977760280000,21.312,1611326976000160000,27.562,1611326976880290000,25.812,1611326977760280000,26.687,False,True,3,2.652180433
1611326980720270000,21.312,1611326979000330000,27.937,1611326979840280000,26,1611326980720270000,26.9685,False,True,3,2.611752987
1611326983760660000,21.312,1611326982000310000,28.25,1611326982880270000,26.187,1611326983760660000,27.2185,False,True,3,2.651688337
1611326986720270000,21.312,1611326984960290000,28.562,1611326985840260000,26.375,1611326986720270000,27.4685,False,True,3,2.610869408
1611326989760280000,21.312,1611326988000300000,28.812,1611326988880290000,26.562,1611326989760280000,27.687,False,True,3,2.650417328
1611326992720270000,21.312,1611326990960280000,29.125,1611326991840420000,26.687,1611326992720270000,27.906,False,True,3,2.60997963
1611326995760270000,21.312,1611326994000340000,29.312,1611326994879830000,26.937,1611326995760270000,28.1245,False,True,3,2.649516344
1611326998720280000,21.312,1611326996960280000,29.437,1611326997880050000,27.062,1611326998720280000,28.2495,False,True,3,2.608640671
1611327001760280000,21.312,1611327000000310000,29.625,1611327000880280000,27.187,1611327001760280000,28.406,False,True,3,2.648164272
1611327004720300000,21.312,1611327002960290000,29.75,1611327003840290000,27.375,1611327004720300000,28.5625,True,True,3,2.607758522
1611327007760280000,21.312,1611327006000290000,29.937,1611327006880270000,27.562,1611327007760280000,28.7495,True,True,3,2.647185326
1611327010720510000,21.312,1611327008961750000,30.125,1611327009840270000,27.687,1611327010720510000,28.906,True,True,3,2.606996536
1611327013800330000,21.312,1611327012000310000,30.312,1611327012880270000,27.875,1611327013800330000,29.0935,True,True,3,2.686355829
1611327016721020000,21.312,1611327014960290000,30.562,1611327015840270000,28.062,1611327016721020000,29.312,True,True,3,2.606645584
1611327019760290000,21.312,1611327018000310000,30.937,1611327018880290000,28.25,1611327019760290000,29.5935,True,True,3,2.645447016
1611327022720280000,21.312,1611327020960280000,31.25,1611327021840270000,28.5,1611327022720280000,29.875,True,True,3,2.605013371
1611327025760630000,21.312,1611327024000340000,31.625,1611327024880280000,28.75,1611327025760630000,30.1875,False,True,3,2.644887924
1611327028720320000,21.312,1611327026960610000,31.625,1611327027840320000,29,1611327028720320000,30.3125,False,True,3,2.604143143
1611327031760280000,21.312,1611327030000290000,32.375,1611327030880280000,29.25,1611327031760280000,30.8125,False,True,3,2.643650293
1611327034720230000,21.312,1611327032960270000,32.75,1611327033840240000,29.437,1611327034720230000,31.0935,False,True,3,2.603176117
1611327037760290000,21.312,1611327036000270000,33.062,1611327036879630000,29.687,1611327037760290000,31.3745,False,True,3,2.642776966
1611327040720270000,21.312,1611327038960300000,33.312,1611327039840270000,29.875,1611327040720270000,31.5935,False,True,3,2.602326393
1611327043761580000,21.312,1611327042000320000,33.562,1611327042880270000,30.125,1611327043761580000,31.8435,False,True,3,2.643161297
1611327046720280000,21.312,1611327044960290000,33.812,1611327045840270000,30.375,1611327046720280000,32.0935,False,True,3,2.6014328
1611327049800060000,21.312,1611327048000300000,34,1611327048880280000,30.562,1611327049800060000,32.281,False,True,3,2.68072319
1611327052720280000,21.312,1611327050960290000,34.125,1611327051840280000,30.75,1611327052720280000,32.4375,False,True,3,2.60056138
1611327055760640000,21.312,1611327054040080000,34.25,1611327054880280000,30.75,1611327055760640000,32.5,True,True,3,2.640445948
1611327058800340000,21.312,1611327057040290000,34.375,1611327057920440000,31.062,1611327058800340000,32.7185,True,True,3,2.679724693
1611327061760280000,21.312,1611327060000330000,34.562,1611327060880280000,31.25,1611327061760280000,32.906,True,True,3,2.639261484
1611327064720290000,21.312,1611327062960280000,34.75,1611327063840290000,31.5,1611327064720290000,33.125,True,True,3,2.598832369
1611327067760280000,21.312,1611327066000310000,35.062,1611327066880380000,31.687,1611327067760280000,33.3745,True,True,3,2.638345242
1611327070800710000,21.312,1611327069040310000,35.312,1611327069920280000,31.875,1611327070800710000,33.5935,True,True,3,2.678333998
1611327073760660000,21.312,1611327072000640000,35.625,1611327072880280000,32.125,1611327073760660000,33.875,True,True,3,2.637881041
1611327076799840000,21.312,1611327075040300000,36,1611327075920270000,32.437,1611327076799840000,34.2185,False,True,3,2.6765697
1611327079800480000,21.312,1611327078000630000,36.312,1611327078880290000,32.687,1611327079800480000,34.4995,False,True,3,2.676837444
1611327082800670000,21.312,1611327081040290000,36.687,1611327081920290000,32.937,1611327082800670000,34.812,False,True,3,2.676651239
1611327085760580000,21.375,1611327084001840000,37,1611327084880290000,33.187,1611327085760580000,35.0935,False,True,3,2.636154175
1611327088802510000,21.312,1611327087040000000,37.25,1611327087920290000,33.375,1611327088802510000,35.3125,False,True,3,2.67764926
1611327091760300000,21.312,1611327090000640000,37.5,1611327090881120000,33.625,1611327091760300000,35.5625,False,True,3,2.6350317
1611327094840070000,21.312,1611327093040290000,37.75,1611327093919850000,33.625,1611327094840070000,35.6875,False,True,3,2.714343786
1611327097760300000,21.312,1611327096000620000,37.937,1611327096923550000,34.062,1611327097760300000,35.9995,False,True,3,2.63422966
1611327100800310000,21.312,1611327099040300000,38.062,1611327099920430000,34.25,1611327100800310000,36.156,False,True,3,2.673817396
1611327103760280000,21.312,1611327102000310000,38.187,1611327102880270000,34.437,1611327103760280000,36.312,False,True,3,2.633382559
1611327106800280000,21.312,1611327105040290000,38.25,1611327105920270000,34.625,1611327106800280000,36.4375,False,True,3,2.672947884
1611327109761420000,21.312,1611327108000970000,38.375,1611327108880300000,34.75,1611327109761420000,36.5625,False,True,3,2.633661032
1611327112800290000,21.312,1611327111040300000,38.437,1611327111920280000,34.937,1611327112800290000,36.687,False,True,3,2.672109604
1611327115760280000,21.375,1611327114000330000,38.5,1611327114880270000,35.062,1611327115760280000,36.781,False,True,3,2.631687641
1611327118800330000,21.375,1611327117040300000,38.562,1611327117920290000,35.187,1611327118800330000,36.8745,False,True,3,2.671298742
1611327121760280000,21.312,1611327120000310000,38.562,1611327120880280000,35.312,1611327121760280000,36.937,False,True,3,2.630839109
1611327124840100000,21.375,1611327123040290000,38.562,1611327123920280000,35.437,1611327124840100000,36.9995,False,True,3,2.710187912
1611327127800600000,21.312,1611327126000630000,38.562,1611327126880330000,35.5,1611327127800600000,37.031,False,True,3,2.670341015
1611327130800640000,21.375,1611327129040340000,38.562,1611327129920290000,35.625,1611327130800640000,37.0935,False,True,3,2.669979095
1611327133760280000,21.375,1611327132040290000,38.562,1611327132880270000,35.687,1611327133760280000,37.1245,False,True,3,2.629207611
1611327136840060000,21.375,1611327135040280000,38.5,1611327135920300000,35.75,1611327136840060000,37.125,False,True,3,2.708515644
1611327139840280000,21.312,1611327138040240000,38.5,1611327138960290000,35.75,1611327139840280000,37.125,False,True,3,2.708397388
1611327142800540000,21.375,1611327141040300000,38.437,1611327141920290000,35.875,1611327142800540000,37.156,False,True,3,2.668282986
1611327145760290000,21.375,1611327144040310000,38.437,1611327144880290000,35.937,1611327145760290000,37.187,False,True,3,2.627619505
1611327148840350000,21.312,1611327147040290000,38.312,1611327147920290000,35.937,1611327148840350000,37.1245,False,True,3,2.707237482
1611327151760280000,21.312,1611327150040270000,38.312,1611327150880290000,36,1611327151760280000,37.156,False,True,3,2.626799107
1611327154840050000,21.312,1611327153040290000,38.25,1611327153920290000,36,1611327154840050000,37.125,False,True,3,2.706091404
1611327157759670000,21.312,1611327156040060000,38.187,1611327156880290000,36.062,1611327157759670000,37.1245,False,True,3,2.625307083
1611327160800600000,21.375,1611327159040300000,38.125,1611327159920290000,36.062,1611327160800600000,37.0935,False,True,3,2.665878773
1611327163760300000,21.375,1611327162040290000,38.062,1611327162880290000,36.062,1611327163760300000,37.062,False,True,3,2.625162125
1611327166840080000,21.375,1611327165040290000,38,1611327165920290000,36.125,1611327166840080000,37.0625,False,True,3,2.704474688
1611327169760290000,21.312,1611327168040170000,37.937,1611327168880070000,36.125,1611327169760290000,37.031,False,True,3,2.624329329
1611327172840280000,21.312,1611327171040300000,37.812,1611327171920290000,36.125,1611327172840280000,36.9685,False,True,3,2.703876495
1611327175760300000,21.375,1611327174040300000,37.812,1611327174880290000,36.125,1611327175760300000,36.9685,False,True,3,2.623519659
1611327178800620000,21.312,1611327177040290000,37.687,1611327177920290000,36.125,1611327178800620000,36.906,False,True,3,2.663385868
1611327181760290000,21.375,1611327180000540000,37.625,1611327180880290000,36.125,1611327181760290000,36.875,False,True,3,2.622653961
1611327184840050000,21.375,1611327183040290000,37.562,1611327183920290000,36.062,1611327184840050000,36.812,False,True,3,2.701940775
1611327187761580000,21.312,1611327186040110000,37.437,1611327186880290000,36.062,1611327187761580000,36.7495,False,True,3,2.623112679
1611327190800790000,21.375,1611327189040300000,37.375,1611327189920300000,36.062,1611327190800790000,36.7185,False,True,3,2.661873341
1611327193760600000,21.375,1611327192000670000,37.312,1611327192881100000,36,1611327193760600000,36.656,False,True,3,2.621257544
1611327196800300000,21.375,1611327195040290000,37.25,1611327195920280000,35.937,1611327196800300000,36.5935,False,True,3,2.660511017
1611327199760430000,21.375,1611327198000320000,37.125,1611327198880290000,35.937,1611327199760430000,36.531,False,True,3,2.620231867
1611327202800300000,21.375,1611327201040280000,37.062,1611327201960270000,35.937,1611327202800300000,36.4995,False,True,3,2.659655571
1611327205760270000,21.375,1611327204000320000,36.937,1611327204880270000,35.875,1611327205760270000,36.406,False,True,3,2.619204998
1611327208840530000,21.375,1611327207040290000,36.937,1611327207920980000,35.812,1611327208840530000,36.3745,False,True,3,2.699013472
1611327211760590000,21.375,1611327210000680000,36.812,1611327210880300000,35.75,1611327211760590000,36.281,False,True,3,2.618701935
1611327214801180000,21.375,1611327213040300000,36.75,1611327213920290000,35.75,1611327214801180000,36.25,False,True,3,2.658836126
1611327217760270000,21.312,1611327216000300000,36.687,1611327216880270000,35.687,1611327217760270000,36.187,False,True,3,2.617509842
1611327220800700000,21.375,1611327219040310000,36.562,1611327219920320000,35.687,1611327220800700000,36.1245,False,True,3,2.657500505
1611327223840110000,21.312,1611327222000660000,36.5,1611327222880320000,35.562,1611327223840110000,36.031,False,True,3,2.696476221
1611327226800580000,21.375,1611327225040280000,36.437,1611327225920320000,35.5,1611327226800580000,35.9685,False,True,3,2.656587362
1611327229760290000,21.312,1611327228040210000,36.375,1611327228880300000,35.5,1611327229760290000,35.9375,False,True,3,2.615884542
1611327232840280000,21.312,1611327231040300000,36.312,1611327231920280000,35.437,1611327232840280000,35.8745,False,True,3,2.695416927
1611327235760280000,21.312,1611327234001280000,36.187,1611327234880300000,35.375,1611327235760280000,35.781,False,True,3,2.615032434
1611327238840280000,21.375,1611327237040290000,36.125,1611327237920290000,35.312,1611327238840280000,35.7185,False,True,3,2.69457221
1611327241760070000,21.375,1611327240000550000,36,1611327240880280000,35.25,1611327241760070000,35.625,False,True,3,2.613956451
1611327244880150000,21.375,1611327243040290000,35.937,1611327243920300000,35.25,1611327244880150000,35.5935,False,True,3,2.73357439
1611327247760270000,21.375,1611327246000610000,35.875,1611327246880280000,35.187,1611327247760270000,35.531,False,True,3,2.613381147
1611327250840060000,21.312,1611327249040300000,35.812,1611327249920290000,35.125,1611327250840060000,35.4685,False,True,3,2.692692757
1611327253760280000,21.375,1611327252040290000,35.687,1611327252880270000,35.062,1611327253760280000,35.3745,False,True,3,2.612549543
1611327256840050000,21.312,1611327255040280000,35.625,1611327255920710000,35,1611327256840050000,35.3125,False,True,3,2.691827059
1611327259800680000,21.312,1611327258040160000,35.562,1611327258881150000,34.937,1611327259800680000,35.2495,False,True,3,2.65220809
1611327262800520000,21.312,1611327261080260000,35.5,1611327261920290000,34.875,1611327262800520000,35.1875,False,True,3,2.651628256
1611327265760290000,21.312,1611327264040080000,35.437,1611327264880290000,34.812,1611327265760290000,35.1245,False,True,3,2.610970497
1611327268840290000,21.375,1611327267040290000,35.375,1611327267920290000,34.75,1611327268840290000,35.0625,False,True,3,2.690506458
1611327271780270000,21.375,1611327270040290000,35.312,1611327270880280000,34.687,1611327271780270000,34.9995,False,True,3,2.630062819
1611327274840050000,21.312,1611327273040290000,35.187,1611327273920300000,34.687,1611327274840050000,34.937,False,True,3,2.689373016
1611327277760270000,21.375,1611327276000610000,35.125,1611327276880300000,34.625,1611327277760270000,34.875,False,True,3,2.609232664
1611327280840280000,21.312,1611327279039650000,35.062,1611327279920290000,34.562,1611327280840280000,34.812,False,True,3,2.688766241
1611327283760290000,21.312,1611327282040280000,35,1611327282880280000,34.5,1611327283760290000,34.75,False,True,3,2.608392239
1611327286800600000,21.312,1611327285040300000,34.937,1611327285920300000,34.437,1611327286800600000,34.687,False,True,3,2.648233175
1611327289760280000,21.312,1611327288040300000,34.875,1611327288880300000,34.375,1611327289760280000,34.625,False,True,3,2.607480526
1611327292840290000,21.312,1611327291040300000,34.812,1611327291920300000,34.312,1611327292840290000,34.562,False,True,3,2.687022686
1611327295800700000,21.312,1611327294003280000,34.687,1611327294880330000,34.312,1611327295800700000,34.4995,False,True,3,2.647042036
1611327298800690000,21.312,1611327297040540000,34.625,1611327297920300000,34.187,1611327298800690000,34.406,False,True,3,2.646600246
1611327301800650000,21.312,1611327300040360000,34.562,1611327300880550000,34.125,1611327301800650000,34.3435,False,True,3,2.646223783
1611327304840060000,21.312,1611327303040350000,34.5,1611327303920290000,34.062,1611327304840060000,34.281,False,True,3,2.685086727
1611327307760260000,21.312,1611327306040360000,34.437,1611327306880070000,34,1611327307760260000,34.2185,False,True,3,2.604921103
1611327310840290000,21.312,1611327309040350000,34.375,1611327309920290000,33.937,1611327310840290000,34.156,False,True,3,2.684480667
1611327313760280000,21.312,1611327312040300000,34.312,1611327312880280000,33.875,1611327313760280000,34.0935,False,True,3,2.604076624
1611327316840420000,21.312,1611327315040350000,34.25,1611327315920300000,33.812,1611327316840420000,34.031,False,True,3,2.683723927
1611327319760600000,21.312,1611327318000700000,34.125,1611327318880310000,33.75,1611327319760600000,33.9375,False,True,3,2.603529215
1611327322800530000,21.312,1611327321040830000,34.125,1611327321930090000,33.687,1611327322800530000,33.906,False,True,3,2.643000603
1611327325760600000,21.312,1611327324000660000,34,1611327324880290000,33.625,1611327325760600000,33.8125,False,True,3,2.602628708
1611327328840290000,21.312,1611327327040300000,33.937,1611327327960140000,33.625,1611327328840290000,33.781,False,True,3,2.681807518
1611327331760280000,21.312,1611327330040280000,33.875,1611327330880290000,33.5,1611327331760280000,33.6875,False,True,3,2.601396561
1611327334800510000,21.312,1611327333040280000,33.812,1611327333920310000,33.437,1611327334800510000,33.6245,False,True,3,2.641149044
1611327337760280000,21.312,1611327336040140000,33.75,1611327336880300000,33.437,1611327337760280000,33.5935,False,True,3,2.600473881
1611327340840290000,21.312,1611327339039710000,33.687,1611327339920290000,33.312,1611327340840290000,33.4995,False,True,3,2.680013657
1611327343840300000,21.312,1611327342040290000,33.687,1611327342920650000,33.312,1611327343840300000,33.4995,False,True,3,2.67961669
1611327346800270000,21.312,1611327345040290000,33.562,1611327345920290000,33.25,1611327346800270000,33.406,False,True,3,2.639196157
1611327349760330000,21.312,1611327348000300000,33.5,1611327348881810000,33.187,1611327349760330000,33.3435,False,True,3,2.598807573
1611327352800290000,21.312,1611327351040290000,33.437,1611327351920060000,33.125,1611327352800290000,33.281,False,True,3,2.638308525
1611327355840250000,21.312,1611327354080290000,33.375,1611327354960280000,33.062,1611327355840250000,33.2185,False,True,3,2.677822351
1611327358881340000,21.312,1611327357040290000,33.312,1611327357920270000,33,1611327358881340000,33.156,False,True,3,2.71850276
1611327361840270000,21.312,1611327360080290000,33.25,1611327360960260000,32.937,1611327361840270000,33.0935,False,True,3,2.677090883
1611327364840060000,21.312,1611327363040290000,33.187,1611327363920220000,32.875,1611327364840060000,33.031,False,True,3,2.676457882
1611327367840310000,21.312,1611327366080300000,33.125,1611327366960820000,32.812,1611327367840310000,32.9685,False,True,3,2.676321983
1611327370800610000,21.312,1611327369040300000,33.062,1611327369920290000,32.75,1611327370800610000,32.906,False,True,3,2.636221886
1611327373880290000,21.375,1611327372080060000,33.062,1611327372960280000,32.75,1611327373880290000,32.906,False,True,3,2.717168331
1611327376800300000,21.375,1611327375040300000,32.937,1611327375920290000,32.625,1611327376800300000,32.781,False,True,3,2.635124922
1611327379840330000,21.312,1611327378081060000,32.875,1611327378960300000,32.625,1611327379840330000,32.75,False,True,3,2.674710989
1611327382800620000,21.312,1611327381040320000,32.875,1611327381920290000,32.625,1611327382800620000,32.75,False,True,3,2.634599686
1611327385840530000,21.312,1611327384081060000,32.812,1611327384960290000,32.5,1611327385840530000,32.656,False,True,3,2.674057961
1611327388800760000,21.312,1611327387040300000,32.75,1611327387920820000,32.5,1611327388800760000,32.625,False,True,3,2.633904696
1611327391840280000,21.312,1611327390081130000,32.687,1611327390960300000,32.5,1611327391840280000,32.5935,False,True,3,2.67299962
1611327394840130000,21.375,1611327393040280000,32.625,1611327393920300000,32.312,1611327394840130000,32.4685,False,True,3,2.672414303
1611327397840280000,21.375,1611327396080280000,32.562,1611327396960270000,32.312,1611327397840280000,32.437,False,True,3,2.67218709
1611327400800660000,21.312,1611327399040300000,32.562,1611327399919630000,32.187,1611327400800660000,32.3745,False,True,3,2.632173777
1611327403841690000,21.375,1611327402100380000,32.437,1611327402960280000,32.187,1611327403841690000,32.312,False,True,3,2.672776222
1611327406800510000,21.375,1611327405040280000,32.375,1611327405920270000,32.125,1611327406800510000,32.25,False,True,3,2.631175756
1611327409840280000,21.375,1611327408080290000,32.375,1611327408960300000,32.125,1611327409840280000,32.25,False,True,3,2.670503378
1611327412840050000,21.375,1611327411040290000,32.25,1611327411920280000,32,1611327412840050000,32.125,False,True,3,2.669849396
1611327415840450000,21.312,1611327414080390000,32.25,1611327415000640000,31.937,1611327415840450000,32.0935,False,True,3,2.669877291
1611327418800530000,21.375,1611327417040940000,32.187,1611327417920280000,31.937,1611327418800530000,32.062,False,True,3,2.629549742
1611327421840280000,21.375,1611327420080290000,32.125,1611327420960290000,31.937,1611327421840280000,32.031,False,True,3,2.668832302
1611327424880060000,21.312,1611327423040290000,32.062,1611327423920300000,31.812,1611327424880060000,31.937,False,True,3,2.708194494
1611327427840280000,21.375,1611327426080290000,32.062,1611327426960270000,31.812,1611327427840280000,31.937,False,True,3,2.668076992
1611327430840280000,21.375,1611327429040300000,32.062,1611327429920290000,31.687,1611327430840280000,31.8745,False,True,3,2.667670727
1611327433840280000,21.312,1611327432090300000,31.937,1611327432960310000,31.625,1611327433840280000,31.781,False,True,3,2.667272091
1611327436880280000,21.375,1611327435040300000,31.875,1611327435999760000,31.625,1611327436880280000,31.75,False,True,3,2.706854582
1611327439840280000,21.375,1611327438080290000,31.812,1611327438960300000,31.562,1611327439840280000,31.687,False,True,3,2.666493416
1611327442800520000,21.312,1611327441040280000,31.75,1611327441920290000,31.5,1611327442800520000,31.625,False,True,3,2.626321316
1611327445840270000,21.375,1611327444081390000,31.75,1611327444960290000,31.5,1611327445840270000,31.625,False,True,3,2.665625572
1611327448800290000,21.375,1611327447040300000,31.687,1611327447920280000,31.437,1611327448800290000,31.562,False,True,3,2.625248909
1611327451840280000,21.375,1611327450081110000,31.625,1611327450960700000,31.375,1611327451840280000,31.5,False,True,3,2.664991617
1611327454800880000,21.312,1611327453040280000,31.562,1611327453921440000,31.312,1611327454800880000,31.437,False,True,3,2.625190258
1611327457840290000,21.375,1611327456079770000,31.562,1611327456960280000,31.25,1611327457840290000,31.406,False,True,3,2.664150715
1611327460800460000,21.312,1611327459080930000,31.5,1611327459919660000,31.25,1611327460800460000,31.375,False,True,3,2.623907566
1611327463840270000,21.375,1611327462080590000,31.437,1611327462960290000,31.187,1611327463840270000,31.312,False,True,3,2.663268328
1611327466800300000,21.375,1611327465040290000,31.437,1611327465919840000,31.125,1611327466800300000,31.281,False,True,3,2.622895241
1611327469840290000,21.375,1611327468081050000,31.375,1611327468960290000,31.062,1611327469840290000,31.2185,False,True,3,2.662413359
1611327472800300000,21.312,1611327471040300000,31.312,1611327471920280000,31,1611327472800300000,31.156,False,True,3,2.622025728
1611327475839620000,21.375,1611327474080580000,31.25,1611327474960280000,31,1611327475839620000,31.125,False,True,3,2.660826683
1611327478800310000,21.375,1611327477040270000,31.187,1611327477920290000,30.937,1611327478800310000,31.062,False,True,3,2.621204615
1611327481840290000,21.375,1611327480080350000,31.187,1611327480960300000,30.937,1611327481840290000,31.062,False,True,3,2.660717487
1611327484800650000,21.375,1611327483040290000,31.125,1611327483920290000,30.812,1611327484800650000,30.9685,False,True,3,2.620685101
1611327487840280000,21.375,1611327486079780000,31.062,1611327486960280000,30.812,1611327487840280000,30.937,False,True,3,2.659847498
1611327490800310000,21.375,1611327489041050000,31,1611327489920280000,30.75,1611327490800310000,30.875,False,True,3,2.619464636
1611327493840290000,21.375,1611327492080330000,31,1611327492960290000,30.75,1611327493840290000,30.875,False,True,3,2.658976555
1611327496800320000,21.375,1611327495041010000,30.937,1611327495919620000,30.687,1611327496800320000,30.812,False,True,3,2.618602514
1611327499840290000,21.375,1611327498080290000,30.937,1611327498960340000,30.625,1611327499840290000,30.781,False,True,3,2.658105373
1611327502800300000,21.375,1611327501040300000,30.875,1611327501920290000,30.562,1611327502800300000,30.7185,False,True,3,2.617710114
1611327505839630000,21.375,1611327504080600000,30.812,1611327504961130000,30.562,1611327505839630000,30.687,False,True,3,2.656519175
1611327508800350000,21.375,1611327507040290000,30.75,1611327507920290000,30.5,1611327508800350000,30.625,False,True,3,2.616918325
1611327511840290000,21.375,1611327510081070000,30.687,1611327510970950000,30.5,1611327511840290000,30.5935,False,True,3,2.656382561
1611327514840210000,21.375,1611327513040300000,30.687,1611327513920300000,30.375,1611327514840210000,30.531,False,True,3,2.655871391
1611327517920280000,21.375,1611327516079640000,30.625,1611327517040300000,30.375,1611327517920280000,30.5,False,True,3,2.735542536
1611327520839620000,21.375,1611327519040300000,30.562,1611327519920290000,30.375,1611327520839620000,30.4685,False,True,3,2.654481173
1611327523960520000,21.375,1611327522080300000,30.5,1611327523040060000,30.312,1611327523960520000,30.406,False,True,3,2.775018454
1611327526800930000,21.375,1611327525040300000,30.5,1611327525919620000,30.25,1611327526800930000,30.375,False,True,3,2.615152597
1611327529840230000,21.375,1611327528080310000,30.437,1611327528960260000,30.187,1611327529840230000,30.312,False,True,3,2.653985977
1611327532800270000,21.375,1611327531040270000,30.375,1611327531920240000,30.187,1611327532800270000,30.281,False,True,3,2.613617897
1611327535839600000,21.375,1611327534080270000,30.375,1611327534960240000,30.125,1611327535839600000,30.25,False,True,3,2.652439833
1611327538800240000,21.375,1611327537040260000,30.312,1611327537920260000,30.062,1611327538800240000,30.187,False,True,3,2.612768888
1611327541840230000,21.375,1611327540080440000,30.312,1611327540960250000,30.062,1611327541840230000,30.187,False,True,3,2.652292013
1611327544800230000,21.375,1611327543040260000,30.25,1611327543920250000,30,1611327544800230000,30.125,False,True,3,2.611887932
1611327547839810000,21.437,1611327546079610000,30.187,1611327546960240000,29.937,1611327547839810000,30.062,False,True,3,2.650957108
1611327550800270000,21.375,1611327549040270000,30.187,1611327549920230000,29.937,1611327550800270000,30.062,False,True,3,2.61104393
1611327553840240000,21.375,1611327552080280000,30.125,1611327552960280000,29.875,1611327553840240000,30,False,True,3,2.650555611
1611327556800240000,21.375,1611327555040260000,30.062,1611327555919600000,29.875,1611327556800240000,29.9685,False,True,3,2.61014533
1611327559840230000,21.375,1611327558080060000,30.062,1611327558960250000,29.812,1611327559840230000,29.937,False,True,3,2.649673462
1611327562800280000,21.375,1611327561040270000,30,1611327561920230000,29.75,1611327562800280000,29.875,False,True,3,2.60931015
1611327565839590000,21.375,1611327564080270000,30,1611327564960220000,29.75,1611327565839590000,29.875,True,True,3,2.648101568
1611327568800280000,21.375,1611327567040270000,29.937,1611327567920250000,29.687,1611327568800280000,29.812,True,True,3,2.608467579
1611327571840220000,21.375,1611327570080260000,30,1611327570960240000,29.687,1611327571840220000,29.8435,True,True,3,2.647944689
1611327574800250000,21.375,1611327573040270000,30.125,1611327573920250000,29.687,1611327574800250000,29.906,True,True,3,2.607568502
1611327577840250000,21.375,1611327576079610000,30.25,1611327576960230000,29.687,1611327577840250000,29.9685,True,True,3,2.647105217
1611327580800910000,21.375,1611327579040260000,30.5,1611327579920240000,29.75,1611327580800910000,30.125,True,True,3,2.607339382
1611327583840290000,21.375,1611327582080300000,30.75,1611327583000630000,29.875,1611327583840290000,30.3125,True,True,3,2.646296501
1611327586800290000,21.375,1611327585040300000,31.062,1611327585919620000,30,1611327586800290000,30.531,False,True,3,2.605876923
1611327589840290000,21.375,1611327588080540000,31.375,1611327588960290000,30.125,1611327589840290000,30.75,False,True,3,2.64539814
1611327592800300000,21.375,1611327591040290000,31.75,1611327591920290000,30.25,1611327592800300000,31,False,True,3,2.604982853
1611327595839620000,21.375,1611327594080520000,32.062,1611327594960290000,30.312,1611327595839620000,31.187,False,True,3,2.643782139
1611327598800290000,21.375,1611327597040280000,32.312,1611327597920290000,30.5,1611327598800290000,31.406,False,True,3,2.604121685
1611327601840310000,21.437,1611327600080390000,32,1611327601000800000,30.187,1611327601840310000,31.0935,False,True,3,2.643661022
1611327604800290000,21.375,1611327603040290000,31.312,1611327603921690000,29.687,1611327604800290000,30.4995,False,True,3,2.603222609
1611327607840280000,21.375,1611327606079770000,30.625,1611327606960290000,29.25,1611327607840280000,29.9375,False,True,3,2.642733574
1611327610800320000,21.375,1611327609040300000,30,1611327609920280000,28.812,1611327610800320000,29.406,False,True,3,2.602343559
1611327613840270000,21.375,1611327612081130000,29.437,1611327612960410000,28.375,1611327613840270000,28.906,False,True,3,2.641813517
1611327616800300000,21.375,1611327615040280000,28.812,1611327615919620000,27.937,1611327616800300000,28.3745,False,True,3,2.601411343
1611327619840290000,21.375,1611327618081060000,28.312,1611327618960850000,27.5,1611327619840290000,27.906,True,True,3,2.640929699
1611327622800620000,21.375,1611327621040310000,27.812,1611327621920290000,27.5,1611327622800620000,27.656,True,True,3,2.600824118
1611327625839920000,21.375,1611327624080320000,27.375,1611327625000640000,26.75,1611327625839920000,27.0625,True,True,3,2.639672518
1611327628850620000,21.375,1611327627040320000,27.062,1611327627920290000,26.75,1611327628850620000,26.906,True,True,3,2.650026798
1611327631840270000,21.375,1611327630080590000,26.625,1611327630960290000,26.187,1611327631840270000,26.406,True,True,3,2.639249325
1611327634800300000,21.375,1611327633040290000,26.375,1611327633921430000,25.937,1611327634800300000,26.156,True,True,3,2.598854542
1611327637840290000,21.375,1611327636079770000,26,1611327636960270000,25.687,1611327637840290000,25.8435,True,True,3,2.638356924
1611327640880280000,21.375,1611327639120300000,25.75,1611327640000060000,25.5,1611327640880280000,25.625,False,True,3,2.677912951
1611327643840290000,21.375,1611327642079850000,25.5,1611327642960740000,25.312,1611327643840290000,25.406,False,True,3,2.637520313
1611327646880280000,21.375,1611327645120290000,25.25,1611327646000680000,25.125,1611327646880280000,25.1875,False,True,3,2.677075386
1611327649840290000,21.375,1611327648080530000,25,1611327648960290000,24.937,1611327649840290000,24.9685,False,True,3,2.636685848
1611327652800300000,21.375,1611327651040300000,24.75,1611327651920290000,24.812,1611327652800300000,24.781,False,True,3,2.596287489
1611327655839620000,21.375,1611327654081180000,24.562,1611327654960280000,24.625,1611327655839620000,24.5935,False,True,3,2.635061741
1611327658800320000,21.375,1611327657040290000,24.5,1611327657920290000,24.562,1611327658800320000,24.531,False,True,3,2.595422506
1611327661840280000,21.375,1611327660080590000,24.687,1611327660960600000,24.562,1611327661840280000,24.6245,False,True,3,2.634891033
1611327664880290000,21.375,1611327663120290000,25,1611327664000330000,24.625,1611327664880290000,24.8125,False,True,3,2.674461603
1611327667840290000,21.375,1611327666079760000,25.312,1611327666960280000,24.687,1611327667840290000,24.9995,False,True,3,2.634065151
1611327670880280000,21.375,1611327669120290000,25.625,1611327670000300000,24.812,1611327670880280000,25.2185,False,True,3,2.673609495
1611327673840290000,21.375,1611327672081060000,25.875,1611327672960280000,24.937,1611327673840290000,25.406,True,True,3,2.633213997
1611327676880290000,21.375,1611327675120290000,26.187,1611327675999620000,25.062,1611327676880290000,25.6245,True,True,3,2.672769547
1611327679840290000,21.375,1611327678081050000,26.5,1611327678960300000,25.062,1611327679840290000,25.781,True,True,3,2.632367611
1611327682880280000,21.375,1611327681120290000,26.937,1611327682000300000,25.375,1611327682880280000,26.156,True,True,3,2.671926975
1611327685839630000,21.375,1611327684081060000,27.312,1611327684960290000,25.562,1611327685839630000,26.437,True,True,3,2.630813122
1611327688880280000,21.375,1611327687120290000,27.812,1611327688000320000,25.812,1611327688880280000,26.812,True,True,3,2.671116829
1611327692001330000,21.375,1611327690081000000,28.25,1611327691040090000,26.062,1611327692001330000,27.156,True,True,3,2.79176116
1611327694880290000,21.375,1611327693120300000,28.812,1611327694003260000,26.312,1611327694880290000,27.562,False,True,3,2.67043519
1611327697840290000,21.375,1611327696079760000,29.312,1611327696960280000,26.562,1611327697840290000,27.937,False,True,3,2.630031586
1611327700880530000,21.375,1611327699120300000,29.75,1611327700000300000,26.875,1611327700880530000,28.3125,False,True,3,2.669826269
1611327703840320000,21.375,1611327702079730000,30.187,1611327702960620000,27.187,1611327703840320000,28.687,False,True,3,2.629201174
1611327706880270000,21.375,1611327705120290000,30.625,1611327705999620000,27.437,1611327706880270000,29.031,False,True,3,2.66869998
1611327709840290000,21.375,1611327708080310000,30.937,1611327708961550000,27.687,1611327709840290000,29.312,False,True,3,2.628310919
1611327712880290000,21.375,1611327711120290000,31.312,1611327712000270000,27.937,1611327712880290000,29.6245,False,True,3,2.667860508
1611327715839620000,21.375,1611327714080290000,31.562,1611327714960280000,28.187,1611327715839620000,29.8745,False,True,3,2.626718521
1611327718880280000,21.375,1611327717120290000,31.812,1611327718000290000,28.437,1611327718880280000,30.1245,False,True,3,2.667036533
1611327721880050000,21.375,1611327720080300000,32.062,1611327720960280000,28.687,1611327721880050000,30.3745,False,True,3,2.666358471
1611327724880290000,21.375,1611327723120300000,32.25,1611327724000320000,28.937,1611327724880290000,30.5935,False,True,3,2.666220188
1611327727840280000,21.375,1611327726079640000,32.437,1611327726960260000,29.125,1611327727840280000,30.781,True,True,3,2.625792265
1611327730880270000,21.375,1611327729120300000,32.625,1611327730000300000,29.375,1611327730880270000,31,True,True,3,2.665343523
1611327733840370000,21.375,1611327732080300000,32.812,1611327732960290000,29.375,1611327733840370000,31.0935,True,True,3,2.625030518
1611327736880280000,21.375,1611327735120290000,33.062,1611327735999760000,29.75,1611327736880280000,31.406,True,True,3,2.664484501
1611327739840340000,21.375,1611327738080290000,33.312,1611327738961910000,30,1611327739840340000,31.656,True,True,3,2.624133825
1611327742880060000,21.375,1611327741120300000,33.625,1611327742000320000,30.25,1611327742880060000,31.9375,True,True,3,2.663376808
1611327745839620000,21.375,1611327744081080000,34,1611327744960270000,30.437,1611327745839620000,32.2185,True,True,3,2.622491598
1611327748880290000,21.375,1611327747120290000,34.437,1611327748000320000,30.75,1611327748880290000,32.5935,False,True,3,2.662802219
1611327751840280000,21.375,1611327750080590000,34.75,1611327750960290000,31.062,1611327751840280000,32.906,False,True,3,2.622368574
1611327754880290000,21.375,1611327753120300000,35.125,1611327754000330000,31.312,1611327754880290000,33.2185,False,True,3,2.661927462
1611327757840290000,21.375,1611327756079770000,35.5,1611327756960280000,31.625,1611327757840290000,33.5625,False,True,3,2.621522903
1611327760880590000,21.375,1611327759120300000,35.75,1611327760000750000,31.875,1611327760880590000,33.8125,False,True,3,2.661369801
1611327763840290000,21.375,1611327762080580000,36.062,1611327762959630000,32.125,1611327763840290000,34.0935,False,True,3,2.620653629
1611327766880280000,21.375,1611327765120290000,36.312,1611327765999620000,32.375,1611327766880280000,34.3435,False,True,3,2.660188437
1611327769840280000,21.375,1611327768080980000,36.5,1611327768960450000,32.562,1611327769840280000,34.531,False,True,3,2.619768381
1611327772880170000,21.375,1611327771120290000,36.687,1611327772000300000,32.812,1611327772880170000,34.7495,False,True,3,2.659190416
1611327775839620000,21.375,1611327774081130000,36.812,1611327774960280000,33.062,1611327775839620000,34.937,False,True,3,2.618190765
1611327778880270000,21.375,1611327777120290000,37,1611327778000310000,33.25,1611327778880270000,35.125,False,True,3,2.658473969
1611327781840310000,21.375,1611327780081130000,37.062,1611327780960280000,33.375,1611327781840310000,35.2185,True,True,3,2.618100643
1611327784880280000,21.375,1611327783120490000,37.187,1611327784000320000,33.562,1611327784880280000,35.3745,True,True,3,2.657613516
1611327787880070000,21.375,1611327786079770000,37.312,1611327786960270000,33.75,1611327787880070000,35.531,True,True,3,2.656964302
1611327790880290000,21.437,1611327789120300000,37.5,1611327790040270000,33.937,1611327790880290000,35.7185,True,True,3,2.656790018
1611327793840270000,21.375,1611327792080290000,37.75,1611327792960060000,33.937,1611327793840270000,35.8435,True,True,3,2.616357327
1611327796880280000,21.375,1611327795160060000,37.75,1611327796040150000,34.375,1611327796880280000,36.0625,True,True,3,2.655903339
1611327799840270000,21.375,1611327798080300000,38.312,1611327798960230000,34.562,1611327799840270000,36.437,True,True,3,2.615473986
1611327802920090000,21.375,1611327801120300000,38.687,1611327802040270000,34.812,1611327802920090000,36.7495,False,True,3,2.69481492
1611327805839590000,21.375,1611327804080270000,39,1611327804960230000,35.125,1611327805839590000,37.0625,False,True,3,2.61389637
1611327808880230000,21.375,1611327807120260000,39.312,1611327808000040000,35.375,1611327808880230000,37.3435,False,True,3,2.654180288
1611327811840230000,21.375,1611327810080270000,39.625,1611327810960230000,35.625,1611327811840230000,37.625,False,True,3,2.61375761
1611327814880240000,21.375,1611327813120280000,39.875,1611327814000290000,35.812,1611327814880240000,37.8435,False,True,3,2.653324127
1611327817840220000,21.375,1611327816080270000,40.062,1611327816960240000,36.062,1611327817840220000,38.062,False,True,3,2.612893581
1611327820880240000,21.375,1611327819120270000,40.25,1611327820000260000,36.25,1611327820880240000,38.25,False,True,3,2.652456045
1611327823840290000,21.375,1611327822080260000,40.437,1611327822959700000,36.437,1611327823840290000,38.437,False,True,3,2.612092495
1611327826881110000,21.375,1611327825120290000,40.625,1611327826000310000,36.687,1611327826881110000,38.656,False,True,3,2.652666569
1611327829840290000,21.375,1611327828081120000,40.75,1611327829000330000,36.812,1611327829840290000,38.781,False,True,3,2.611424923
1611327832880270000,21.375,1611327831120290000,40.812,1611327832000310000,37,1611327832880270000,38.906,False,True,3,2.65094018
1611327835840270000,21.375,1611327834080560000,40.875,1611327834960280000,37.125,1611327835840270000,39,False,True,3,2.610499382
1611327838880430000,21.375,1611327837120290000,40.937,1611327838000320000,37.25,1611327838880430000,39.0935,False,True,3,2.650191784
1611327841840280000,21.375,1611327840080680000,41,1611327840960410000,37.437,1611327841840280000,39.2185,False,True,3,2.609613657
1611327844880060000,21.437,1611327843120290000,41.062,1611327844000380000,37.5,1611327844880060000,39.281,False,True,3,2.648917913
1611327847840270000,21.375,1611327846080560000,41,1611327846960280000,37.625,1611327847840270000,39.3125,False,True,3,2.608703375
1611327850880270000,21.375,1611327849120530000,41,1611327850000300000,37.687,1611327850880270000,39.3435,False,True,3,2.648236752
1611327853840290000,21.437,1611327852080530000,41,1611327852960280000,37.812,1611327853840290000,39.406,False,True,3,2.607829332
1611327856880280000,21.375,1611327855120220000,41,1611327856000310000,37.937,1611327856880280000,39.4685,False,True,3,2.647357225
1611327859840280000,21.437,1611327858090060000,40.937,1611327858960290000,38,1611327859840280000,39.4685,False,True,3,2.606861353
1611327862880270000,21.375,1611327861120300000,40.937,1611327862000300000,38.062,1611327862880270000,39.4995,False,True,3,2.64638257
1611327865840290000,21.437,1611327864080730000,40.875,1611327864960280000,38.125,1611327865840290000,39.5,False,True,3,2.605981588
1611327868880280000,21.375,1611327867120290000,40.812,1611327868000290000,38.187,1611327868880280000,39.4995,False,True,3,2.64550972
1611327871840260000,21.375,1611327870081050000,40.812,1611327870960300000,38.25,1611327871840260000,39.531,False,True,3,2.605060577
1611327875000850000,21.375,1611327873120210000,40.75,1611327874080120000,38.25,1611327875000850000,39.5,False,True,3,2.765176773
1611327877840270000,21.375,1611327876080560000,40.687,1611327876960280000,38.25,1611327877840270000,39.4685,False,True,3,2.604290247
1611327880879890000,21.375,1611327879120310000,40.562,1611327880000920000,38.312,1611327880879890000,39.437,False,True,3,2.643388033
1611327883839620000,21.375,1611327882081110000,40.5,1611327882961270000,38.375,1611327883839620000,39.4375,False,True,3,2.602725983
1611327886880270000,21.375,1611327885120290000,40.437,1611327885999620000,38.375,1611327886880270000,39.406,False,True,3,2.642965555
1611327889840300000,21.375,1611327888080310000,40.375,1611327888961050000,38.375,1611327889840300000,39.375,False,True,3,2.602555752
1611327892880270000,21.375,1611327891120300000,40.312,1611327892000290000,38.312,1611327892880270000,39.312,False,True,3,2.642063618
1611327895919630000,21.375,1611327894082880000,40.25,1611327894960280000,38.312,1611327895919630000,39.281,False,True,3,2.680928707
1611327898880280000,21.375,1611327897120290000,40.125,1611327898000310000,38.312,1611327898880280000,39.2185,False,True,3,2.641252279
1611327901840280000,21.375,1611327900080520000,40.062,1611327900960690000,38.312,1611327901840280000,39.187,False,True,3,2.600808382
1611327904880290000,21.375,1611327903120080000,40,1611327904000330000,38.312,1611327904880290000,39.156,False,True,3,2.64034009
1611327907920270000,21.375,1611327906120220000,39.875,1611327907040260000,38.25,1611327907920270000,39.0625,False,True,3,2.67988801
1611327910880280000,21.375,1611327909120300000,39.812,1611327910000300000,38.25,1611327910880280000,39.031,False,True,3,2.639494658
1611327913840280000,21.375,1611327912080290000,39.75,1611327912960270000,38.25,1611327913840280000,39,False,True,3,2.599064112
1611327916880270000,21.375,1611327915120320000,39.625,1611327916000290000,38.187,1611327916880270000,38.906,False,True,3,2.638576984
1611327919920290000,21.375,1611327918160360000,39.562,1611327919040840000,38.125,1611327919920290000,38.8435,False,True,3,2.678163528
1611327922880280000,21.375,1611327921120300000,39.437,1611327922000320000,38.125,1611327922880280000,38.781,False,True,3,2.637759447
1611327925920290000,21.375,1611327924160310000,39.375,1611327925040280000,38.062,1611327925920290000,38.7185,False,True,3,2.677337885
1611327928880270000,21.375,1611327927120300000,39.25,1611327928000310000,38,1611327928880270000,38.625,False,True,3,2.636920452
1611327931920270000,21.375,1611327930160290000,39.187,1611327931040290000,38,1611327931920270000,38.5935,False,True,3,2.676480293
1611327934880290000,21.375,1611327933120340000,39.062,1611327934000560000,37.937,1611327934880290000,38.4995,False,True,3,2.636101723
1611327937920290000,21.375,1611327936159620000,39,1611327937040130000,37.875,1611327937920290000,38.4375,False,True,3,2.675659895
1611327940880290000,21.375,1611327939120310000,38.937,1611327940000310000,37.875,1611327940880290000,38.406,False,True,3,2.635262966
1611327943919650000,21.437,1611327942160290000,38.812,1611327943040280000,37.812,1611327943919650000,38.312,False,True,3,2.674127579
1611327946880280000,21.375,1611327945120300000,38.75,1611327946000310000,37.75,1611327946880280000,38.25,False,True,3,2.634447575
1611327949920240000,21.375,1611327948160300000,38.75,1611327949040300000,37.687,1611327949920240000,38.2185,False,True,3,2.673967361
1611327952880220000,21.375,1611327951120270000,38.562,1611327952000250000,37.625,1611327952880220000,38.0935,False,True,3,2.633549452
1611327955920250000,21.375,1611327954160280000,38.5,1611327955040240000,37.562,1611327955920250000,38.031,False,True,3,2.673148155
1611327958880240000,21.375,1611327957120260000,38.375,1611327958000260000,37.5,1611327958880240000,37.9375,False,True,3,2.632746696
1611327961920240000,21.375,1611327960160260000,38.312,1611327961039600000,37.437,1611327961920240000,37.8745,False,True,3,2.672318459
1611327964880260000,21.375,1611327963120280000,38.187,1611327964000280000,37.437,1611327964880260000,37.812,False,True,3,2.631943941
1611327967920220000,21.375,1611327966160270000,38.125,1611327967040240000,37.375,1611327967920220000,37.75,False,True,3,2.671462774
1611327970879590000,21.375,1611327969120270000,38.062,1611327970000250000,37.312,1611327970879590000,37.687,False,True,3,2.630386591
1611327973920260000,21.437,1611327972160260000,37.937,1611327973040230000,37.25,1611327973920260000,37.5935,False,True,3,2.67071557
1611327976880230000,21.375,1611327975120270000,37.875,1611327976000250000,37.187,1611327976880230000,37.531,False,True,3,2.630285978
1611327979920240000,21.375,1611327978160260000,37.812,1611327979040250000,37.125,1611327979920240000,37.4685,False,True,3,2.669867992
1611327982880220000,21.437,1611327981120270000,37.75,1611327982000260000,37.062,1611327982880220000,37.406,False,True,3,2.629445791
1611327985920390000,21.375,1611327984160300000,37.625,1611327985040240000,37,1611327985920390000,37.3125,False,True,3,2.669178963
1611327988960250000,21.375,1611327987120270000,37.5,1611327988000260000,36.875,1611327988960250000,37.1875,False,True,3,2.708635569
1611327991920230000,21.437,1611327990160260000,37.437,1611327991040250000,36.812,1611327991920230000,37.1245,False,True,3,2.668261528
1611327994880240000,21.375,1611327993120260000,37.375,1611327994000330000,36.75,1611327994880240000,37.0625,False,True,3,2.62787509
1611327997920250000,21.375,1611327996160260000,37.312,1611327997040240000,36.687,1611327997920250000,36.9995,False,True,3,2.667446613
1611328000960260000,21.375,1611327999200310000,37.187,1611328000080250000,36.625,1611328000960260000,36.906,False,True,3,2.707068682
1611328003920270000,21.375,1611328002160280000,37.125,1611328003040240000,36.625,1611328003920270000,36.875,False,True,3,2.666719437
1611328006880230000,21.375,1611328005120150000,37.062,1611328006000270000,36.5,1611328006880230000,36.781,False,True,3,2.626264334
1611328009920230000,21.437,1611328008160260000,36.937,1611328009040250000,36.437,1611328009920230000,36.687,False,True,3,2.665821552
1611328012880220000,21.375,1611328011120260000,36.875,1611328012000240000,36.312,1611328012880220000,36.5935,False,True,3,2.625411272
1611328015920230000,21.437,1611328014160270000,36.812,1611328015040240000,36.25,1611328015920230000,36.531,False,True,3,2.664990425
1611328018880040000,21.437,1611328017120260000,36.75,1611328018000260000,36.25,1611328018880040000,36.5,False,True,3,2.624385118
1611328021920240000,21.375,1611328020160430000,36.687,1611328021039600000,36.125,1611328021920240000,36.406,False,True,3,2.664164543
1611328024880250000,21.437,1611328023120250000,36.562,1611328024000300000,36.062,1611328024880250000,36.312,False,True,3,2.623775005
1611328027920230000,21.437,1611328026160270000,36.5,1611328027040250000,36,1611328027920230000,36.25,False,True,3,2.663313866
1611328030879620000,21.437,1611328029119840000,36.437,1611328030000320000,35.937,1611328030879620000,36.187,False,True,3,2.622250795
1611328033920290000,21.375,1611328032160370000,36.375,1611328033040280000,35.875,1611328033920290000,36.125,False,True,3,2.662562847
1611328036880280000,21.437,1611328035120290000,36.375,1611328036040070000,35.812,1611328036880280000,36.0935,False,True,3,2.622144222
1611328039920300000,21.437,1611328038160380000,36.187,1611328039041830000,35.75,1611328039920300000,35.9685,False,True,3,2.661818981
1611328042880300000,21.437,1611328041119640000,36.125,1611328042040300000,35.687,1611328042880300000,35.906,False,True,3,2.621380568
1611328045921070000,21.437,1611328044160580000,36.125,1611328045040280000,35.625,1611328045921070000,35.875,False,True,3,2.66166997
1611328048880290000,21.437,1611328047120340000,35.937,1611328048041110000,35.562,1611328048880290000,35.7495,False,True,3,2.62049675
1611328051920280000,21.437,1611328050161090000,35.937,1611328051039630000,35.5,1611328051920280000,35.7185,False,True,3,2.66003418
1611328054880270000,21.375,1611328053120300000,35.812,1611328054040060000,35.437,1611328054880270000,35.6245,False,True,3,2.619609833
1611328057920280000,21.375,1611328056160300000,35.812,1611328057040280000,35.375,1611328057920280000,35.5935,False,True,3,2.65915823
1611328060879620000,21.375,1611328059120310000,35.687,1611328060040310000,35.312,1611328060879620000,35.4995,False,True,3,2.618020058
1611328063920320000,21.375,1611328062160290000,35.687,1611328063040290000,35.25,1611328063920320000,35.4685,False,True,3,2.658361673
1611328066880290000,21.375,1611328065130720000,35.5,1611328066000660000,35.187,1611328066880290000,35.3435,False,True,3,2.61790657
1611328070040070000,21.375,1611328068160300000,35.5,1611328069040310000,35.125,1611328070040070000,35.3125,False,True,3,2.777209759
1611328072880300000,21.437,1611328071119650000,35.375,1611328072040310000,35,1611328072880300000,35.1875,False,True,3,2.617159367
1611328075920990000,21.437,1611328074160550000,35.375,1611328075040280000,34.937,1611328075920990000,35.156,False,True,3,2.657390356
1611328078880290000,21.375,1611328077120330000,35.25,1611328078040510000,34.875,1611328078880290000,35.0625,False,True,3,2.616271496
1611328082000510000,21.375,1611328080240320000,35.187,1611328081119640000,34.812,1611328082000510000,34.9995,False,True,3,2.736032963
1611328084880290000,21.375,1611328083120320000,35.062,1611328084000450000,34.75,1611328084880290000,34.906,False,True,3,2.615473509
1611328087920250000,21.437,1611328086160320000,35,1611328087040720000,34.687,1611328087920250000,34.8435,False,True,3,2.654970169
1611328090880270000,21.437,1611328089120310000,35,1611328090000310000,34.625,1611328090880270000,34.8125,False,True,3,2.614572763
1611328093920290000,21.375,1611328092160590000,34.875,1611328093040290000,34.562,1611328093920290000,34.7185,False,True,3,2.654125452
1611328096880280000,21.437,1611328095120280000,34.812,1611328096000300000,34.5,1611328096880280000,34.656,False,True,3,2.613687038
1611328099920310000,21.437,1611328098160290000,34.812,1611328099040280000,34.437,1611328099920310000,34.6245,False,True,3,2.653263092
1611328102880270000,21.437,1611328101119620000,34.687,1611328102000330000,34.375,1611328102880270000,34.531,False,True,3,2.61279726
1611328105920980000,21.375,1611328104160300000,34.625,1611328105040280000,34.312,1611328105920980000,34.4685,False,True,3,2.653051138
1611328108880060000,21.437,1611328107120310000,34.562,1611328108000310000,34.25,1611328108880060000,34.406,False,True,3,2.6116817
1611328111919620000,21.375,1611328110161100000,34.5,1611328111039830000,34.187,1611328111919620000,34.3435,False,True,3,2.650740862
1611328114880310000,21.375,1611328113120290000,34.437,1611328114000310000,34.125,1611328114880310000,34.281,False,True,3,2.611098766
1611328117920270000,21.437,1611328116160290000,34.375,1611328117039700000,34.062,1611328117920270000,34.2185,False,True,3,2.650595188
1611328120920270000,21.375,1611328119120310000,34.375,1611328120000300000,34,1611328120920270000,34.1875,False,True,3,2.650167465
1611328123920280000,21.437,1611328122160290000,34.25,1611328123040290000,33.937,1611328123920280000,34.0935,False,True,3,2.649776459
1611328126879620000,21.437,1611328125121000000,34.187,1611328125999620000,33.875,1611328126879620000,34.031,False,True,3,2.608640909
1611328129920290000,21.375,1611328128160300000,34.125,1611328129041470000,33.812,1611328129920290000,33.9685,False,True,3,2.648904085
1611328132880300000,21.375,1611328131120300000,34.062,1611328132000310000,33.75,1611328132880300000,33.906,False,True,3,2.608493328
1611328135921100000,21.375,1611328134160320000,34,1611328135040270000,33.687,1611328135921100000,33.8435,False,True,3,2.648825169
1611328138880280000,21.375,1611328137120310000,33.937,1611328138000300000,33.625,1611328138880280000,33.781,False,True,3,2.607580662
1611328141920320000,21.375,1611328140161150000,33.937,1611328141040290000,33.625,1611328141920320000,33.781,False,True,3,2.647143602
1611328144890320000,21.375,1611328143120330000,33.937,1611328144001200000,33.562,1611328144890320000,33.7495,False,True,3,2.616713762
1611328147920290000,21.437,1611328146160610000,33.75,1611328147040420000,33.5,1611328147920290000,33.625,False,True,3,2.646209002
1611328150881110000,21.437,1611328149120300000,33.75,1611328150000680000,33.437,1611328150881110000,33.5935,False,True,3,2.60658145
1611328153920290000,21.437,1611328152160630000,33.75,1611328153040300000,33.375,1611328153920290000,33.5625,False,True,3,2.645309925
1611328156879630000,21.375,1611328155120290000,33.562,1611328156040070000,33.312,1611328156879630000,33.437,False,True,3,2.604167461
1611328159920290000,21.375,1611328158160290000,33.5,1611328159040280000,33.187,1611328159920290000,33.3435,False,True,3,2.644427776
1611328162880290000,21.375,1611328161120290000,32.937,1611328162000320000,32.625,1611328162880290000,32.781,False,True,3,2.604007006
1611328165920320000,21.375,1611328164160750000,32.062,1611328165040290000,31.937,1611328165920320000,31.9995,False,True,3,2.643564463
1611328168880290000,21.375,1611328167119650000,32.062,1611328168000680000,31.25,1611328168880290000,31.656,False,True,3,2.603088617
1611328171920290000,21.375,1611328170160600000,30.625,1611328171040290000,30.562,1611328171920290000,30.5935,False,True,3,2.642607212
1611328174960600000,21.375,1611328173201530000,30,1611328174081260000,30,1611328174960600000,30,False,True,3,2.682496309
1611328177920290000,21.375,1611328176160680000,29.437,1611328177039710000,29.375,1611328177920290000,29.406,False,True,3,2.641777992
1611328180920280000,21.375,1611328179120340000,29.437,1611328180000770000,28.875,1611328180920280000,29.156,False,True,3,2.641338587
1611328183920460000,21.375,1611328182160630000,28.312,1611328183040920000,28.312,1611328183920460000,28.312,False,True,3,2.641081333
1611328186880280000,21.375,1611328185120230000,27.812,1611328185999750000,27.875,1611328186880280000,27.8435,False,True,3,2.600467205
1611328189920290000,21.375,1611328188160300000,27.312,1611328189080730000,27.375,1611328189920290000,27.3435,False,True,3,2.639995337
1611328192880280000,21.375,1611328191120330000,27.312,1611328192000670000,26.937,1611328192880280000,27.1245,True,True,3,2.599548578
1611328195921230000,21.375,1611328194160750000,26.437,1611328195040300000,26.5,1611328195921230000,26.4685,True,True,3,2.64002347
1611328198880280000,21.375,1611328197119650000,26.437,1611328198000820000,26.187,1611328198880280000,26.312,True,True,3,2.598643541
1611328201920330000,21.375,1611328200160300000,25.812,1611328201040340000,26.187,1611328201920330000,25.9995,True,True,3,2.638203859
1611328204960300000,21.375,1611328203200490000,25.437,1611328204080550000,25.562,1611328204960300000,25.4995,True,True,3,2.677740335
1611328207920280000,21.375,1611328206160720000,25.187,1611328207039630000,25.312,1611328207920280000,25.2495,True,True,3,2.637325525
1611328210960700000,21.375,1611328209201690000,24.937,1611328210080280000,25.125,1611328210960700000,25.031,True,True,3,2.677308083
1611328213920300000,21.375,1611328212160650000,24.75,1611328213040280000,24.937,1611328213920300000,24.8435,False,True,3,2.636505842
1611328216960480000,21.375,1611328215200620000,24.562,1611328216080290000,24.75,1611328216960480000,24.656,False,True,3,2.67624402
1611328219920290000,21.375,1611328218160300000,24.375,1611328219041550000,24.562,1611328219920290000,24.4685,False,True,3,2.635663986
1611328223000240000,21.375,1611328221200650000,24.187,1611328222080320000,24.437,1611328223000240000,24.312,False,True,3,2.715158939
1611328225920230000,21.375,1611328224160290000,24,1611328225040240000,24.312,1611328225920230000,24.156,False,True,3,2.63480854
1611328228960110000,21.375,1611328227199600000,24.062,1611328228080240000,24.25,1611328228960110000,24.156,False,True,3,2.674252272
1611328231920230000,21.375,1611328230160270000,24.312,1611328231040240000,24.312,1611328231920230000,24.312,False,True,3,2.633985043
1611328234960250000,21.437,1611328233200440000,24.625,1611328234080270000,24.375,1611328234960250000,24.5,False,True,3,2.673579454
1611328237920250000,21.375,1611328236160260000,24.937,1611328237039590000,24.5,1611328237920250000,24.7185,False,True,3,2.63318634
1611328240960230000,21.375,1611328239200300000,25.25,1611328240080240000,24.562,1611328240960230000,24.906,False,True,3,2.672736168
1611328243930050000,21.375,1611328242160260000,25.5,1611328243040240000,24.687,1611328243930050000,25.0935,False,True,3,2.642146349
1611328246960060000,21.375,1611328245200270000,25.812,1611328246080250000,24.687,1611328246960060000,25.2495,True,True,3,2.671736956
1611328249920250000,21.375,1611328248160280000,26.062,1611328249050290000,24.937,1611328249920250000,25.4995,True,True,3,2.631551743
1611328252960380000,21.375,1611328251200270000,26.375,1611328252080270000,25.062,1611328252960380000,25.7185,True,True,3,2.671245813
1611328255920240000,21.437,1611328254160270000,26.75,1611328255040280000,25.25,1611328255920240000,26,True,True,3,2.630713224
1611328258960240000,21.375,1611328257199610000,27.125,1611328258080240000,25.437,1611328258960240000,26.281,True,True,3,2.67028594
1611328261920250000,21.375,1611328260160260000,27.562,1611328261050310000,25.687,1611328261920250000,26.6245,True,True,3,2.629897356
1611328264960250000,21.437,1611328263200270000,28,1611328264080270000,25.937,1611328264960250000,26.9685,True,True,3,2.669466496
1611328267920230000,21.375,1611328266160270000,28.5,1611328267039600000,26.187,1611328267920230000,27.3435,False,True,3,2.629046202
1611328270960270000,21.375,1611328269200310000,29,1611328270080260000,26.437,1611328270960270000,27.7185,False,True,3,2.668652058
1611328273960060000,21.437,1611328272160260000,29.437,1611328273040240000,26.687,1611328273960060000,28.062,False,True,3,2.668029547
1611328276959590000,21.437,1611328275200280000,29.875,1611328276080250000,26.937,1611328276959590000,28.406,False,True,3,2.66713047
1611328279920240000,21.437,1611328278160270000,30.25,1611328279040270000,27.187,1611328279920240000,28.7185,False,True,3,2.627449274
1611328282960240000,21.375,1611328281200300000,30.625,1611328282080260000,27.437,1611328282960240000,29.031,False,True,3,2.667013884
1611328285920230000,21.375,1611328284160290000,30.937,1611328285039960000,27.687,1611328285920230000,29.312,False,True,3,2.626607418
1611328288960280000,21.437,1611328287199600000,31.25,1611328288080240000,27.937,1611328288960280000,29.5935,False,True,3,2.666208506
1611328291920230000,21.437,1611328290160270000,31.437,1611328291040230000,28.187,1611328291920230000,29.812,False,True,3,2.625756264
1611328294960270000,21.375,1611328293200270000,31.687,1611328294090050000,28.437,1611328294960270000,30.062,False,True,3,2.665369987
1611328297920230000,21.437,1611328296160260000,31.875,1611328297039590000,28.625,1611328297920230000,30.25,False,True,3,2.624931574
1611328300960230000,21.375,1611328299200300000,32,1611328300080230000,28.875,1611328300960230000,30.4375,True,True,3,2.664502144
1611328303920230000,21.375,1611328302160270000,32.187,1611328303040250000,29.062,1611328303920230000,30.6245,True,True,3,2.624076843
1611328306969660000,21.375,1611328305200280000,32.375,1611328306080230000,29.25,1611328306969660000,30.8125,True,True,3,2.673009396
1611328309920240000,21.375,1611328308160260000,32.625,1611328309040270000,29.5,1611328309920240000,31.0625,True,True,3,2.623265505
1611328312960220000,21.375,1611328311200280000,32.937,1611328312080240000,29.75,1611328312960220000,31.3435,True,True,3,2.662807703
1611328315920020000,21.375,1611328314160070000,33.25,1611328315040240000,29.937,1611328315920020000,31.5935,True,True,3,2.622198343
1611328318960230000,21.375,1611328317199610000,33.562,1611328318080240000,30.25,1611328318960230000,31.906,True,True,3,2.661984682
1611328321920240000,21.437,1611328320160260000,33.937,1611328321040270000,30.437,1611328321920240000,32.187,False,True,3,2.621588707
1611328324960250000,21.375,1611328323200280000,34.375,1611328324090060000,30.75,1611328324960250000,32.5625,False,True,3,2.661162853
1611328327920250000,21.437,1611328326160300000,34.75,1611328327039630000,31,1611328327920250000,32.875,False,True,3,2.620764256
1611328330960280000,21.437,1611328329200330000,35.062,1611328330080280000,31.25,1611328330960280000,33.156,False,True,3,2.660335541
1611328333920260000,21.437,1611328332160320000,35.375,1611328333040270000,31.562,1611328333920260000,33.4685,False,True,3,2.61990428
1611328336959610000,21.437,1611328335200320000,35.687,1611328336080280000,31.812,1611328336959610000,33.7495,False,True,3,2.658736467
